country,party,name,uid,date,tweet_id,party_id,party_official,ches_party_id,tweet_text
Slovenia,Slovenian National Party Deputy Group,Jelinčič Plemeniti Zmago ,812216904333099008,2021-07-22 19:22:14,1418290306689155077,35,Slovenian National Party Deputy Group,2907,Prvak SNS Jelinčič: Levi opoziciji je zmanjkalo sape https://t.co/IdydSjctrC @ZmagoPlemeniti
Sweden,Lft,"Gunnarsson, Hanna ",120152296,2021-08-18 11:06:42,1427950072684290048,40,Lft,1601,Stora skyfall med efterföljande översvämningar blir allt vanligare och är verkligen ett stort hot och problem. Kommunerna har mycket stort ansvar att planera så att översvämningar kan hanteras utan att samhällets funktionalitet hotas. https://t.co/mPXbnnvu75
Netherlands,DENK,tunahan kuzu,15448566,2021-02-09 20:13:53,1359234083893706762,67,DENK,1050,Dagelijks ontvangt DENK berichten van mensen die het coronabeleid spuugzat zijn! De avondklok werkt niet en kent geen wetenschappelijke grond! Kom met maatregelen die werken. Mensen lijden! Zie @tunahankuzu in debat met premier Rutte. #DENKanders #17maart2021 #coronadebat pic.twitter.com/7Y6OYrrMJr
Greece,K.K.E. (Communist Party of Greece),Gkiokas Ioannis,3030879312,2020-09-18 09:56:55,1306894965646266368,143,K.K.E. (Communist Party of Greece),404,Σαν σήμερα το 2013 δολοφονείται στο Κερατσίνι σε ενέδρα θανάτου απο τους χρυσαυγιτες ... ο Παύλος Φύσσας ... ΔΕΝ ΞΕΧΝΑΜΕ pic.twitter.com/8G6rj5jNwy
Belgium,Christen-Democratisch & Vlaams,Muylle Nathalie,140510920,2021-07-11 07:15:27,1414121141644500994,345,Christen-Democratisch & Vlaams,109,".@nathaliemuylle:""Laat ons hopen dat de evenementensector zo snel mogelijk opnieuw aan de slag kan, zodat het vele talent in ons land, ook op jonge leeftijd, niet verloren gaat.""@cdenv @DeZondag pic.twitter.com/6V4NVBvsZW"
France,Mouvement Démocrate,Mohamed Laqhila,402214102,2021-05-16 17:06:14,1393976093615525892,152,Mouvement Démocrate,613,Vous êtes les VRP des pétroliers américains
Latvia,For Development/For! ,Inese Voika,25254015,2021-05-07 10:40:49,1390617609096384512,95,For Development/For! ,2417,"Ja varam dienā potēt vismaz 15 000, tad uz priekšu ar šo tiksim. Kā teica @pavluts šodien - atrodam katrs vienu, ko pārliecināt potēties https://t.co/luHzVygcOw"
France,La France Insoumise,Jean-Luc Mélenchon,80820758,2021-02-14 17:49:21,1361009648074186753,148,La France Insoumise,627,"Sur #BFMTV, Durand m'accuse de ne parler que de l'islam chez #Hanouna. J'ai passé la soirée à lutter contre ça. Puis, il ment sur ma position du deuxième tour. Voilà pourquoi je n'irai pas sur son plateau. Voilà ce qui m'écœure dans cette profession."
Belgium,Socialistische partij anders,Vanrobaeys Anja,42855132,2020-08-27 07:50:58,1298890736570597378,460,Socialistische Partij Anders ,103,"👇 Veel begrip voor de werklast van scholen, maar al vooraf een nieuwe omgeving verkennen is essentieel voor kinderen met autisme. https://t.co/UOo5CAkooS"
United Kingdom,Conservative Party,Daniel HANNAN,85794542,2020-10-18 12:36:58,1317806878387326977,179,Conservative Party,1101,"Yes, there was then a rather absurd war fought over the status of US ships – a war whose casus belli had been resolved before it started, and whose only major engagement took place after peace had been agreed, but before news of it had crossed the Atlantic. 6/7"
Austria,Social Democratic Party,"Leichtfried Jörg, Mag.",862795896,2021-04-05 15:44:13,1379097553845813252,479,Social Democratic Party,1301,"zur aktuellen Lage, selbstverständlich mit webstream https://t.co/nu9CI4qzML"
Sweden,ChrDem,"Jacobsson, Magnus ",114281672,2021-06-29 18:39:24,1409944609107632131,44,ChrDem,1606,Det är vi helt överens om. Förvaltarskapet är en av grundstenarna inom den kristdemokratiska ideologin.
United Kingdom,The Brexit Party,Nathan GILL,1668992125,2020-07-07 17:24:18,1280553237863706624,198,United Kingdom Independence Party,1108,Remember that access to UK fishing waters is not on the table and neither is oversight by European courts!You might also want to drop demands for those level playing field requirements that exceed those the EU has with other sovereign states!@MichelBarnier @DavidGHFrost
France,Parti Communiste Français,Stéphane Peu,303112391,2020-10-29 10:19:24,1321758526470004736,144,Parti Communiste Français,601,"Ben voyons...si vous êtes malade c’est de votre faute.Pendant tout le quinquennat et quelques soit les drames vécus par notre pays , le mépris du peuple sera la constante de la macronie. https://t.co/vcXAL47sSk"
Sweden,Grn,"Alm Ericson, Janine ",302612407,2020-06-07 21:24:12,1269741976376741891,39,Grn,1607,"Fel av @BuschEbba i Agenda. Kommunerna har inte lämnats ensamma att köpa skyddsutrustning. Regeringen har inrättat nationell inköpscentral som köpt in material för ca 1,5 miljarder. 600 respiratorer, 7 miljoner munskydd, 20 miljoner skyddshandskar, 120 000 liter handsprit mm."
Belgium,Open Vlaamse liberalen en democraten,Lachaert Egbert,50003590,2021-03-29 05:13:33,1376402123613736961,337,Open Vlaamse Liberalen en Democraten,107,"Tijdens de grootste naoorloogse crisis, zoveel zelfstandigen die afzien en werknemers die niet eens kunnen gaan werken, is het ronduit onethisch een staking af te kondigen.Bovendien ligt alles op tafel om tot een akkoord te komen, maar dan moet men wel willen spreken. #ipa"
Netherlands,Labour Party,attje kuiken,27835859,2020-11-19 23:02:28,1329560704995766272,64,Labour Party,1002,"Ze zeggen van niet, volgens familie uiteraard ga ik morgen zelf ook bellen. Maar valt waarschijnlijk niet in polis dus ik vraag om compassie en/of alternatieve oplossing"
United Kingdom,The Brexit Party,Nigel FARAGE,19017675,2021-03-18 15:58:57,1372578277110480899,198,United Kingdom Independence Party,1108,Don’t play along with this anti-police agenda. Don't let the marxists take you for a ride.Don't defund the police. pic.twitter.com/I0Jobb53wA
Slovenia,Slovenian National Party Deputy Group,Jelinčič Plemeniti Zmago ,812216904333099008,2020-09-09 17:31:46,1303747941564284936,35,Slovenian National Party Deputy Group,2907,"Dragi Kraševci, upam da si boste zapomnili kdo vam je zabil nož v srce in ukradel Teran. @strankaSD in @ZidanDejan! Ne pozabite !!!"
Sweden,Moderaterna,Jessica POLFJÄRD,327359409,2020-07-01 12:17:55,1278301810193846275,42,Mod,1602,I dag har EU-kommissionen släppt sin stora kompetensagenda. Det råder i dag stor kompetensbrist på flera områden och det behövs åtgärder för att komma till rätta med detta. EU-kommissionen presenterar här många intressanta förslag som är ett steg i rätt rikting! #eupol #svpol https://t.co/gjit1AII4i
France,Parti Radical de Gauche,François-Michel Lambert,522084022,2021-06-03 16:58:44,1400497189584003072,151,Parti Radical de Gauche,603,"#Cannabis 62% sont favorables à la légalisation du cannabis notamment pour se protéger des trafics mafieux et des produits frelatés.C'est exactement ma proposition de loi de juillet 2019, débattue le 31 mars 2021. Ne lâchons rien ! 🌱https://t.co/UUKdvCSH8R pic.twitter.com/JoihyQEojm"
Italy,FORZA ITALIA - BERLUSCONI PRESIDENTE,PALMIERI Antonio,6827962,2020-09-17 08:37:17,1306512538755047432,107,FORZA ITALIA - BERLUSCONI PRESIDENTE,815,Da leggere e meditare. Grazie Chiara...#donRobertoMalgesini
Italy,Lega,Silvia SARDONE,600365935,2021-07-16 15:51:21,1416062908157530116,509,Lega,811,🇮🇹 Eroici i #vigilidelfuoco italiani. Inviati in #Belgio per soccorrere le vittime dell’#alluvione che si è abbattuta sull’Europa hanno tratto in salvo almeno 40 persone nella zona di Liegi. 🔴 Grazie per la vostra professionalità che portate anche all'estero! pic.twitter.com/Ss3n7TcuXL
Greece,The Greek Solution,Asimakopoulou Sofia - Chaido,1148229718627540992,2020-09-19 15:42:24,1307344298883547136,568,The Greek Solution,416,ο Ερντογάν θα μιλήσει την πρώτη μέρα της Συνέλευσης του ΟΗΕ στις 22/9... και οι εδώ κυβερνώντες κάτι ψελλίζουν για κυρώσεις ... από ποιους; τη στιγμή που προκαλεί καθημερινά αυτοί συναινούν στην παροχή βοήθειας #Πρωτα_η_Ελλαδα @ellinikilisi @velopky https://t.co/HMg6BikJDn
Latvia,The New UNITY ,Edgars Rinkēvičs,61454352,2020-03-15 07:53:45,1239097440776658944,90,The New UNITY ,2402,"Igaunija ievieš ierobežojumus un liegumus robežas šķērsošanā ārzemniekiem ar šī gada 17.martu. Lai atgrieztos 🇱🇻, Latvijas valstspiederīgie varēs šķērsot Igauniju tranzītā uz Latviju, ja tiem nebūs koronavīrusa simptomu. To man tikko telefoniski apliecināja Igaunijas kolēģis https://t.co/kJtMLbbrxP"
Slovenia,New Slovenia – Christian Democrats Deputy Group,jernej vrtovec,99532067,2021-03-08 14:56:01,1368938560049545220,27,New Slovenia – Christian Democrats Deputy Group,2905,"Večina denarja bo namenjenega za prometno infrastrukturo, največ na področju železnic, in sicer 509 milijonov evrov, za državne ceste pa bo na voljo 289 milijonov."
Portugal,Partido Popular,NUNO MELO,2858866479,2020-03-17 19:17:24,1239994263053762568,201,Partido Popular,1202,O que devia dar (não necessariamente cadeia) castigo é dizer/se  tanta barbaridade por aqui sem a coragem de dar a cara. Isso sim.
Sweden,ChrDem,"Ottosson, Kjell-Arne ",473898383,2021-02-25 09:16:41,1364866900992417792,44,ChrDem,1606,Tänk att svenskar nästlar sig in överallt trots att gränsen är stängd... 🙄 #smittevern #grannsämja #nrpol pic.twitter.com/sSo8azrtOv
Greece,Nea Demokratia,GEORGIOS KYRTSOS,311951299,2021-06-21 14:52:53,1406988500898095117,200,Nea Demokratia,402,"Αισιόδοξη για την οικονομία της ευρωζώνης και σταθερή στην υποστηρικτική πολιτική της η Λαγκάρντ στο ΕΚ.Μου άρεσε αυτό που μας είπε: «Η εξουσία έρχεται από επάνω, η εμπιστοσύνη από κάτω.» pic.twitter.com/NB4eb3qlkN"
Netherlands,Christian Union,gert-jan segers,119136331,2020-05-17 10:57:59,1261974239621664768,73,Christian Union,1016,"Ook hier geldt, wat niet deugt, deugt niet. Ik vind een mogelijk schimmige constructie wel van een andere orde dan haat om wat iemand ís, maar ik beloof je dat ik Zembla nog ga bekijken."
Denmark,The Red-Green Alliance,søren egge rasmussen,4629954015,2021-01-27 12:22:53,1354404511788527619,409,The Red-Green Alliance,213,Hvad skal der til for at vi for alvor tager dyrevelfærd alvorligt? @enhedslisten prioriterer dyrevelfærd. Alle som kan gøre noget bør gøre mere. #dkpol #dkgreen @okologidk @DyrBeskyt https://t.co/cT1JSyioi2
United Kingdom,Conservative Party,Baroness Nosheena MOBARIK,930742277739352064,2020-01-05 20:26:51,1213919811329306624,179,Conservative Party,1101,"""The @earthshotprize is a brilliant initiative that will inspire a decade of action to help protect our planet. When we work together, there is no limit to what we can achieve."" — PM @BorisJohnson https://t.co/EjUfYLGjpG"
Netherlands,Reformed Political Party,roelof bisschop,821122464,2020-06-24 14:25:10,1275797118800859137,71,Reformed Political Party,1006,Toch wel benieuwd wat dat ‘levensverbeteringstraject’ voor de +/- 6e generatie na afschaffing slavernij nou precies in zou moeten houden ...
Greece,The Greek Solution,Asimakopoulou Sofia - Chaido,1148229718627540992,2020-10-11 17:22:50,1315342103837396993,568,The Greek Solution,416,δήλωση του προέδρου των εμπορικών επιμελητηρίων Σαουδικής Αραβίας: είναι καθήκον των πολιτών της Σαουδικής Αραβίας να μποϋκοτάρουν τα τουρκικά προϊόντα ... οι δικοί μας προτιμούν τις business #Πρωτα_η_Ελλαδα #Πρωτα_οι_Ελληνες @ellinikilisi @velopky https://t.co/RKEMsfSAC2
France,Indépendant,Gilles BOYER,102948151,2020-04-17 09:06:02,1251074431344160769,538,Indépendant,617,Eh @DavidCormand plutôt que de lancer des polémiques minables au regard des enjeux tu devrais savoir que l’amendement des verts était inutile puisque le soutien au #CoronaBonds était déjà dans la résolution cf https://t.co/YHtsrMxs9k @Renaissance_UE https://t.co/vX6X2KZxiU
Sweden,Grn,"Ferm, Maria ",15402649,2020-12-19 10:19:56,1340240441950810112,39,Grn,1607,"Röda Korset anser att tilläggsförslagen innebär en helt nödvändig, och begränsad, möjlighet att undvika några av de orimliga humanitära effekter av ett i övrigt restriktivt förslag till lagstiftning. https://t.co/JI0ErGRjUM"
Sweden,Mod,"Beckman, Lars ",298744792,2020-10-27 16:21:05,1321124773221535748,42,Mod,1605,Peter Wolodarski svarar på kritiken i SvD: Thunbergs dag på DN skadar inte journalistiken – tvärtom.SvD:s chefredaktör Anna Careborg svarar direkt under Wolodarski. https://t.co/7ixnblMLz0 via @SvD
Belgium,Open Vlaamse Liberalen en Democraten,Hilde VAUTMANS,700605423,2020-12-07 13:17:36,1335936497409777665,337,Open Vlaamse Liberalen en Democraten,107,"Why do children and young people run away? My answer: a deep rejection of the home situation and their belief they will be better off elsewhere, wherever that may be, than at home. Watch my full message for #RunawayPreventionMonth ⬇️ @MissingChildEU pic.twitter.com/fWB7rGGiK6"
France,Parti Communiste Français,Alain Bruneel,826026073540481024,2020-10-27 14:05:52,1321090741997838336,144,Parti Communiste Français,601,#ANICHE : Le Député @Alain_Bruneel interpelle le Gouvernement sur la situation de l’usine AGC d’Anichehttps://t.co/IgJmVrp1mF pic.twitter.com/MxB68QTsmV
France,Indépendant,Gilles BOYER,102948151,2020-03-29 12:55:15,1244246742683586560,538,Indépendant,617,Mais l'argent ne tombera pas du ciel. Unique solution : des Recovery bonds + de nouvelles ressources propres mettant fin à l'évasion fiscale et protégeant l'environnement. J'y travaille avec mes collègues @Renaissance_UE @RenewEurope #coronabonds
Portugal,Bloco de Esquerda,José GUSMÃO,268208070,2020-04-09 10:49:20,1248201322450599936,363,Bloco de Esquerda,1208,"A HOLANDA É UM PARAÍSO FISCALUm estudo indispensável sobre o virtuoso e frugal Estado Holandês.  Tudo é mais fácil com receitas fiscais dos outros. Depois, é só cozinhar uma conversa racista sobre os preguiçosos do sul e servir para consumo interno.https://t.co/FWwrXrL7JP pic.twitter.com/RahvJZUMnt"
Austria,The Greens,Neßler Barbara,974404372774998017,2021-04-14 08:35:03,1382251038489595905,588,The Greens,1304,danke vielmals! Machen wir 🌈
Slovenia,New Slovenia – Christian Democrats Deputy Group,Horvat Jožef ,15995876,2021-06-30 10:17:08,1410180597331464192,27,New Slovenia – Christian Democrats Deputy Group,2905,"Temu se reče borba za javno šolstvo. Besede so poceni, dejanja štejejo. https://t.co/hT5t3C8p0t"
Latvia,For Development/For! ,Mārtiņš Bondars,626245282,2020-01-15 13:59:33,1217446222996348928,95,For Development/For! ,2417,"Budžeta un finanšu (nodokļu) komisijas deputāti, uzsākot kolektīvā iesnieguma “Par nekustamā īpašuma nodokļa atcelšanu vienīgajam īpašumam” izskatīšanu, aicināja Ministru kabinetu līdz maija sākumam sagatavot piedāvājumu, kas risinātu nodokļa piemērošanas jautājumu.📸: Saeima pic.twitter.com/HeslRSybJI"
Sweden,Cen,"Nordin, Rickard ",128176155,2020-09-16 19:53:24,1306320300955533312,43,Cen,1603,Det får inte bli billigare med E85 vid pump än med bensin. (Mätt på energi). Du kan säkert hitta detaljerna hos Energimyndigheten/Skatteverket.
Netherlands,Socialist Party,peter kwint,239853793,2020-06-23 14:09:40,1275430826428239872,69,Socialist Party,1014,Zo dus. Ik vind het ook nogal verbazend.
Netherlands,Labour Party,henk nijboer,138420259,2021-03-07 18:19:30,1368627384275116037,64,Labour Party,1002,"Slecht plan‘Als je vijftigplus bent en je verliest je baan, is het bijna onmogelijk om binnen een jaar nieuw werk te vinden. De kans is groot dat je na een jaar in de bijstand belandt. En als je een eigen huis hebt mag je dat dus na een jaar gaan opeten.'https://t.co/L2Sz0ZQ4zE"
Portugal,Partido Popular,NUNO MELO,2858866479,2020-05-08 22:44:20,1258890507708661762,201,Partido Popular,1202,Isso . pic.twitter.com/ehvikHeaiw
Latvia,Social Democratic Party “Concord”,Andrejs Klementjevs,242645972,2020-08-20 06:00:12,1296326145974120448,81,Harmony,2410,"“JKP ir absolūta brīvprātīgo organizācija. Mēs no SAVĀM KABATĀM velkam ārā savus līdzekļus un ikdienā darām divus darbus, strādājot arī kampaņā...” Fakts: JKP kā partija un amatpersonas no valsts budžeta 13.Saeimas laikā saņem 4 miljonus eiro. Savas kabatas? pic.twitter.com/F52Kkdvpm5"
Belgium,Parti Socialiste ,ahmed laaouej,41107057,2020-11-23 12:58:34,1330858280294494209,162,Parti Socialiste,102,Tackling harmful #tax practices: a further set of preferential tax regimes have been dismantled or tightened.See the progress made by jurisdictions to comply with #BEPS Action 5 standard 👉 https://t.co/sU4nvBVClQ pic.twitter.com/wHaOpRZtoo
Belgium,Socialistische Partij Anders ,meryame kitir,1117307676,2020-11-23 17:11:31,1330921935295877127,460,Socialistische Partij Anders ,103,Pleasure meeting all the EU development ministers for the first time today. We discussed the debt situation of many developing countries. As Team Europe we need to act urgently and decisively to avoid another ‘lost decade’ for development. pic.twitter.com/fvxGubUNtg
Netherlands,Christian Union,gert-jan segers,119136331,2021-01-03 14:34:47,1345740394420707329,73,Christian Union,1016,"Maar juist als EU heb je het gewicht om zgn ‘veilige landers’ terug te sturen, wat ons zelf nu veel slechter af gaat (zoals in het geval van Marokko bijvoorbeeld). 2/2"
Slovenia,New Slovenia – Christian Democrats Deputy Group,Novak Ljudmila ,514541450,2020-04-24 07:56:18,1253593597171113984,27,New Slovenia – Christian Democrats Deputy Group,2905,V medicinskem simulacijskem centru poteka nov krog testiranj prototipov ventilatorjev domače proizvodnje. pic.twitter.com/mdHCbbcMJH
Slovenia,Slovenska ljudska stranka,Franc BOGOVIČ,2803444640,2020-04-06 15:32:31,1247185424000397313,333,Slovenska ljudska stranka,2904,"Warmest congrats to SRSG for the Belgrade-Pristina Dialogue and W.Balkan issues @MiroslavLajcak! @EPPGroup fully supports his important task. @AndorDeli @DavidLega @davidmcallister @Franc_Bogovic K. Gal, @lukasmandl @gahler_michael @PauloRangel_pt @Kalniete @VladoBilcik @ZovkoEU pic.twitter.com/hdsnl5mGY7"
Denmark,The Conservative People's Party,Mai Mercado,1079806855,2021-02-08 13:28:03,1358769565719797761,413,The Conservative Party,203,"Jo! At skrive det på den måde med det formål at få et menneske til at fremstå dårligt, så er det lige præcis et karaktermord. Og det er ikke i orden"
Latvia,"National Alliance \All For Latvia!\"" – \""For Fatherland and Freedom/LNNK\""""",rihards kols,2290894242,2021-06-07 16:33:25,1401940369764405248,79,"National Alliance ""All For Latvia!"""" – """"For Fatherland and Freedom/LNNK""""""",2406,"Par atbalsta signāliem, pašreizējo norišu interpretācijām, sankcijām un principiem. Fokusā: Baltkrievija. Paldies @Briva_Latvija par interesantu sarunu! https://t.co/8YmK8xyGMj"
Germany,Freie Wähler,ULRIKE MULLER,612717643,2021-01-01 17:21:30,1345057573813309441,384,Freie Wähler,314,@RenewEurope est le groupe le plus influent du @Europarl_EN selon @VoteWatchEurope alors qu’on est 3eme en nombre de députés. Très fière de notre président @CiolosDacian 👏👏 à @samiraraf @KnotekOndrej @UliMuellerMdEP nos coordinateurs 👏👏 à la délégation @Renaissance_UE 👏👏 pic.twitter.com/5ZyNsKo5qX
France,Les Républicains,CONSTANCE LE GRIP,338910451,2020-09-11 18:30:20,1304487454934786048,155,Les Républicains,609,"📺@CNEWS ""Flouter le visage des policiers,nous y sommes favorables!D'autant plus que nous @Republicains_An avons déposé une PPL il y a plusieurs mois,à l'initiative d' @ECiotti !Cette PPL avait été refusée par @CCastaner ,alors Ministre de l'Intérieur!"". #mieuxvauttardquejamais pic.twitter.com/GE5uXlSbFQ"
Poland,United Left,Rutka Marek,961341478508343301,2020-05-06 19:06:33,1258110924101226498,575,United Left,2601,"💬 PiS ratuje dzisiaj banki, nie ludzi. 3 mln ludzi wypchnięto na umowy śmieciowe i samozatrudnienie. Obecnie 2 mln Polaków jest bez pracy. Jeśli zostanę prezydentem w ciągu 100 dni doprowadzę do zlikwidowania umów śmieciowych. – podczas #DebataTVP #Biedron2020 #Wybory2020"
Netherlands,Democrats 66,achraf bouali,2326785750,2020-10-28 19:44:53,1321538448889683969,70,Democrats 66,1004,Hebt u de deal goed gelezen. Wat als er geen deal komt en China het van de EU overneemt : zijn we dan beter af?
France,Debout la France,Nicolas Dupont-Aignan,38170599,2020-06-14 10:00:00,1272106508462051328,161,Debout la France,628,"Où sont passés le bon sens et la justice ? Incapable de traduire le Polonais, la Justice française a libéré 2 passeurs de migrants qui participent à la traite d'êtres humains ! En France on peut travailler sans savoir parler français, mais pas être condamné pour les pires crimes. pic.twitter.com/rHepFs6ibV"
Sweden,SweDem,"Wiechel, Markus ",62018785,2021-01-08 00:46:21,1347343852571676672,37,SweDem,1610,"Tack! Jo, de har ju fortfarande inte vaknat ur sin dvala."
Portugal,Partido do Centro Democrático Social-Partido Popular,Nuno MELO,2858866479,2020-04-08 18:43:45,1247958325100269568,201,Partido Popular,1202,"Memorando de entendimento negociado  pelo governo PS em Maio de 2011(contendo grande parte dos actuais governantes) e subscrito por José Sócrates (talvez tenha votado nele). Significa que quem tornou inevitáveis as vendas foi o PS, que atou as mãos a quem se lhe seguiu. Leia bem pic.twitter.com/vOg99uWuRP"
Italy,MOVIMENTO 5 STELLE,SIBILIA Carlo,127025568,2021-03-29 09:36:14,1376468231809040384,105,MOVIMENTO 5 STELLE,845,"Tra oggi e Pasqua arriveranno in Italia quasi 3 milioni di dosi di vaccino anti Covid. Un quantitativo importante che costituisce una accelerazione nell'immunizzazione degli italiani.PS: Ognuno rispetti il suo turno, non farlo equivale a mettere la vita degli altri in pericolo pic.twitter.com/HqhTU9BrCL"
Sweden,Cen,"Åkesson, Anders ",718855606,2021-06-23 14:06:23,1407701571299852305,43,Cen,1603,Lööf: Vi vill fortfarande hitta konstruktiva lösningar https://t.co/Ykl0H2jHZ9 @Centerpartiet @annieloof pic.twitter.com/6FNsiCB6Dz
Denmark,Nye Borgerlige,Lars Boje Mathiesen,980721900,2020-02-05 22:57:52,1225191839201976321,507,Nye Borgerlige,220,Go talk to your husband. Your are done in politics.
Denmark,The Red-Green Alliance,Pernille Skipper,611076925,2021-01-06 21:24:35,1346930690131050497,409,The Red-Green Alliance,213,Bevæbnede og voldelige højreekstremister har tiltvunget sig adgang til det folkevalgte amerikanske parlament og afbrudt godkendelsesprocessen af den nyligt demokratisk valgte præsident @JoeBiden. Det er ubegribeligt og fuldstændigt uacceptabelt angreb på demokratiet. #dkpol #eudk
Netherlands,Party for the Animals,lammert van raan,19860633,2020-12-01 18:35:13,1333842100845240323,65,Party for the Animals,1018,‘Illegaal baangebruik Maastricht Aachen Airport’ | SchipholWatch https://t.co/MAVSBdMLzl
Poland,Polish People's Party,marek sawicki,362433298,2021-06-24 08:26:34,1407978444441456642,484,Polish People's Party,2606,"75 lat temu w boju z komunistami poległ wybitny polski żołnierz - Marian Bernaciak ""Orlik"". Niezłomny, nie poddał się ani okupantowi niemieckiemu, ani sowieckiemu. Jego szczątki wciąż nie zostały odnalezione. Cześć i chwała na wieki!Pamięć! pic.twitter.com/giIvKIyE27"
Denmark,The Conservative People's Party,Rasmus Jarlov,1225930531,2021-03-08 18:51:10,1368997737941905408,413,The Conservative Party,203,Det gør helt klart debatten mindre aggressiv og modbydelig.
France,Parti Socialiste,Christine Pires Beaune,938843677,2020-10-11 07:19:04,1315190163476275201,162,Parti Socialiste,602,Les conditions infernales d’examen des budgets de l’Etat et de la Sécurité Sociale en quelques secondes et la situation empire d’année en année 😔Merci. @malopedia pour ce tiktok très pédagogique @socialistesAN https://t.co/ENFpk4Z0Ck
France,Front national,LOUIS ALIOT,316956459,2021-04-24 16:04:20,1385987983178932226,159,Front National,610,🚨 On Air 🚨🏉 Dragons v Wolves📺 Arena#️⃣ #SuperLeague
Austria,The New Austria and Liberal Forum ,Schellhorn Josef,282732697,2021-02-08 18:19:47,1358842983035129861,480,The New Austria and Liberal Forum ,1306,"Eh wurscht, war eh nur unser Geld... dass die das jetzt bei diesen vielen Erfolgsgeschichten der letzten Monate kübeln ..“überrascht“"
Sweden,Grn,"Tovatt, Lorentz ",183553683,2020-01-18 10:09:06,1218475392790618114,39,Grn,1607,"Nu satte du verkligen dit henne, bra! Fortsätt även att kämpa emot flygskatt och för sänkt koldioxidskatt så ska du nog se att planeten brinner upp"
Denmark,Liberal Alliance,Alex Vanopslagh,1531564633,2020-06-01 09:15:05,1267384160538198017,410,Liberal Alliance,218,Og hvad så? Er det skattesnyd når danske pensionskasser svarer skat i Danmark af deres investeringer i udenlandske selskaber?
Sweden,Mod,"Ericson, Jan ",393890670,2020-05-29 22:45:33,1266500957078204417,42,Mod,1605,I grunden olyckligt. Men samtidigt är det många FN-organ som tar finansieringen från USA och exempelvis Sverige för given. På ett sätt kanske nyttigt att man påminns om att man måste visa att man förtjänar stödet? Och motverka slöseri och korruption?https://t.co/RwGigmRv7c
Greece,Movement For Change,Arvanitidis Georgios,269667949,2021-05-20 09:27:43,1395310255492542474,136,DEMOCRATIC COALITION (Panhellenic Socialist Movement Democratic Left),401,"Καταψηφίζουμε το Σχέδιο Νόμου που έφερε η Κυβέρνηση. Δεν εξυπηρετεί τα δικαιώματα του παιδιού. Αντιπαραβάλλουμε τη δική μας θετική, μεταρρυθμιστική πρόταση, για ένα Οικογενειακό Δίκαιο σύγχρονο και δίκαιο, με εφαρμόσιμες και ρεαλιστικές μεταρρυθμίσεις. Με το παιδί στο επίκεντρο."
Belgium,Ecolo-Groen,stefaan van hecke,424093972,2020-05-13 12:52:52,1260553598192234497,458,Ecolo-Groen,104,Toch niet moeilijk. PV opmaken en aan parket bezorgen.
Germany,Piratenpartei Deutschland,Patrick BREYER,993792060548435968,2020-10-27 14:53:00,1321102605993549824,353,Piratenpartei Deutschland,311,We have previously written about some of the challenges we see in the EU’s proposed regulation on preventing terrorist content online for @VOX_Pol https://t.co/eczJ5JBhwX
Latvia,Union of Greens and Farmers ,Uldis Augulis,112978586,2020-01-07 11:38:11,1214511544748380160,92,Union of Greens and Farmers ,2405,"Linkaits: ministrijas valsts sekretāra izvēle joprojām ir ""darba kārtības jautājums""; diemžēl pretendentu rinda uz šo amatu nestāv"
Denmark,Liberal Alliance,Henrik Dahl,2734140920,2021-06-23 12:49:05,1407682121142095875,410,Liberal Alliance,218,"Hvad er det, der er usmageligt? At J.K. Rowling og Maya Forstater og Lisa Keogh har ytringsfrihed?Overraskende synspunkt."
Belgium,Démocrate Fédéraliste Indépendant,Rohonyi Sophie ,1851210716,2020-10-27 10:29:27,1321036280726257664,580,Démocrate Fédéraliste Indépendant,111,"#DIRECT @SophieRohonyi #QuotasINAMI « Un tel contingentement n’aurait de sens qu’en cas de pléthore de prestataires de soins. Or, notre pays est confronté à une pénurie de #médecins que la crise sanitaire due au #Covid19be a mis en lumière sur le terrain. » @LaChambreBE"
France,Les Républicains,Olivier Marleix,2305186092,2020-11-27 11:26:22,1332284626279276544,155,Les Républicains,609,"Alors que les bavures succèdent aux dérapages, il suffit donc de se dire « très choqué » pour se dispenser d’examiner les responsabilités de la chaîne de commandement qu’il a lui-même nommée ? Le Président de la République n’est pas un simple commentateur. https://t.co/hLnk7q8193"
Italy,MISTO,gianfranco librandi,1074223417,2021-05-31 14:34:44,1399373786659631110,108,PARTITO DEMOCRATICO,802,#Salvini chiede la proroga dello stop ai licenziamenti e lavora a un’alleanza tra Paesi europei ed africani che si affacciano sul Mediterraneo? Sembrano posizioni da leader di sinistra filoafricana e operaista alla Landini. #Africa #Sovranistahttps://t.co/V9JYaCjR0v
Denmark,The Liberal Party,Heidi Bank,31388139,2020-04-15 11:18:43,1250383044894023681,407,The Liberal Party,211,"Ser pressemøde! @Heunicke taler mod bedre vidende om @venstredk krav om patientrettigheder. Vi har ikke efterlyst dato, men faglige kriterier for genindførelse. Vi vil IKKE acceptere, at @Heunicke enerådigt bestemmer over rettigheder. Det her er for magtfuldkomment af Reg #dkpol"
Sweden,Lft,"Johnsson Fornarve, Lotta ",4000970775,2021-06-10 09:14:02,1402916957926694914,40,Lft,1601,Vi kommer inte att backa. Marknadshyror kommer inte att införas i Sverige. https://t.co/gmyvzBjfN8
Slovenia,Slovenska ljudska stranka,FRANC BOGOVIC,2803444640,2021-04-13 20:28:27,1382068183830511622,333,Slovenska ljudska stranka,2919,"Danes praznuje častitljivih 90 let naš dolgoletni član in nekdanji predsednik Zveze upokojencev pri SLS gospod Bogdan Bradač. Za zvestobo in opravljeno delo se mu iskreno zahvaljujemo in mu želimo še na mnoga, zdrava leta. pic.twitter.com/e1U7un9Vvl"
Poland,Confederation Liberty and Independence,Dziambor Artur,181121893,2021-01-20 15:31:29,1351915255849488392,577,Confederation Liberty and Independence,2619,"Bo nie! A kto pyta, ten pewnie chce, byśmy wszyscy umarli na Koronawirusa."
Poland,Polish People's Party,marek sawicki,362433298,2021-01-17 10:02:20,1350745259135946752,484,Polish People's Party,2606,"💬 Niech rząd pokaże dane, jaki procent populacji został zaszczepiony, a nie opiera się tylko na liczbach. Izrael wyszczepił już 25% swoich obywateli. Opłacało im się zapłacić więcej za szczepionkę niż zamykać gospodarkę. 🍀@WTBartoszewski 📺@tvp_info pic.twitter.com/SV0DTxI5eD"
Netherlands,SP,Peter  Kwint,239853793,2021-01-18 11:12:39,1351125343109853184,69,Socialist Party,1014,"Schitterend. Van harte, Paul"
France,Mouvement Démocrate,Bruno Millienne,455602715,2020-12-06 16:48:29,1335627183172280330,152,Mouvement Démocrate,613,"Cette violence insidieuse qui s'installe partout, notamment à l'égard des femmes est très inquiétante. Il ne faut jamais s'habituer, jamais. https://t.co/nhT5wph6F3"
Germany,CDU,Roderich Kiesewetter,42698498,2020-05-02 15:42:51,1256610108483698688,420,CDU/CSU,301,"Why nuclear sharing matters & Germany needs to replace it’s aging #Tornado fighter-bombers.„Eastern members of #NATO would interpret Germany’s dual-capable aircraft renewal as a direct expression of solidarity with them,“ writes Rafael Loss from @ecfr.https://t.co/xSoeSIc71L pic.twitter.com/eCwYexTgAX"
Slovenia,Socialni demokrati,TANJA FAJON,102918775,2020-02-10 10:20:49,1226813264266514432,381,Socialni demokrati,2903,"Ob dnevu redkih bolezni v @EP_Slovenija 18.2. gostim dogodek, na katerem bomo s stroko, političnimi odločevalci, bolniki osvetlili izzive zdravljenja, pregledali politike in nove priložnosti. Vabljeni, če ste v Bruslju. @eurordis https://t.co/HHfW58guIM"
Slovenia,Slovenska ljudska stranka,Franc BOGOVIČ,2803444640,2021-01-01 14:52:12,1345020002727055360,333,Slovenska ljudska stranka,2919,"Thank you, dear Angela Merkel and @EU2020DE, for taking the EU forward over the past 6 months, in such a challenging year. Good luck @antoniocostapm and @2021PortugalEU, I’m looking forward to working with you, for the recovery of Europe and the health of our citizens. https://t.co/DaCtfmKYnD"
Belgium,centre démocrate Humaniste,Fonck Catherine ,1392844044,2020-11-11 08:49:57,1326447058446901249,324,Centre Démocrate Humaniste,108,La meilleure stratégie. Mais a-t-on les ressources suffisantes de pros de la santé en 🇧🇪 alors qu’on a déjà du mal d’avoir suffisamment de soignants pour prendre en charge les patients? #justeunequestion
Greece,N.D. (New Democracy),anna-misel asimakopoulou,533041104,2021-08-03 13:02:36,1422543423366733826,137,N.D. (New Democracy),402,Συγχαρητήρια @FlyManoloFly για την πρώτη σου εμφάνιση σε τελικό Ολυμπιακών αγώνων στο επί κοντώ και την 4η θέση! Το χαμόγελο και ο ενθουσιασμός σου ανταμείφθηκαν! Συνέχισε δυνατά! 👏🏻#OlympicGames   #ΟλυμπιακοιΑγωνες #greatinjapan #tokyo2020   #FlyManoloFly pic.twitter.com/54LSWrDIfP
France,Les Républicains,Nadine MORANO,413839619,2020-02-29 13:10:30,1233741332931366912,240,Les Républicains,609,Cher @jmaphatie je préfère Zemmour qui défend notre culture et notre identité à vous qui vouliez brûler le château de Versailles ! Je persiste et signe qu’elle aille faire sa promotion racialiste en Afrique ! Ras le bol de ces gens accueillis en France qui critiquent notre pays! https://t.co/3n1iEknTr1
United Kingdom,Labour Party,Theresa GRIFFIN,829060856,2020-03-04 21:21:53,1235314544601419777,193,Labour Party,1102,So proud of our team for putting together this video on the Royal Mail Dispute. It displays the best of the Trade Union movement and the best of our incredible membership #IAmTheUnion 🙋‍♀️🙋‍♂️ https://t.co/vCdiGfTO5b
Austria,The Greens,"Disoski Meri, Mag.",2328562887,2020-08-28 14:36:46,1299355245659721730,588,The Greens,1304,"noch zur #zib2 gestern mit @BirgitHebein, weil mich die Frage so geärgert hat. ja, natürlich ist Zahl der PKW-Zulassungen in Wien in den letzten Jahren gestiegen, Wien ist um nicht weniger als die Größe von Linz (!!) gewachsen. aber prozentuell ist PKW-Nutzung zurückgegangen."
Netherlands,People's Party for Freedom and Democracy,remco dijkstra,31366216,2021-03-23 12:41:34,1374340546215473154,66,People's Party for Freedom and Democracy,1003,Er zijn vele #infra-projecten en wensen. Dit vormt een mooie puzzel en onderhandelingsklus voor een nieuw kabinet.. #infra #amsterdam mijn inzet/opdracht/mening was altijd helder. Zal mijn opvolgers graag bijpraten.  https://t.co/QgBh1zK7M2
Austria,Austrian People's Party ,"Lopatka Reinhold, Dr.",816879318,2021-08-18 06:19:33,1427877809943363585,476,Austrian People's Party ,1302,"Reinhold #Lopatka, 1988. Deswegen habe ich ihn auch gestern angerufen. (Das Foto und ein paar Zeilen dazu wurden seinerzeit im Band der JVP Steiermark ""61 und stärker denn je"" abgedruckt. Der sich natürlich in meiner gut sortierten steirischen Bibliothek findet... (-;) pic.twitter.com/bSikyml6TK"
France,Parti Radical de Gauche,François-Michel Lambert,522084022,2020-06-08 21:05:21,1270099619612102657,151,Parti Radical de Gauche,603,Retrouvez demain dans @lamarsweb mon soutien à @aixenpartage et Marc Pena pour qu’Aix soit enfin une ville de ce siècle : écologique solidaire humaike https://t.co/6ty69mpnlz
France,Parti Communiste Français,Sébastien Jumel,461022437,2020-02-18 15:46:16,1229794268094640129,144,Parti Communiste Français,601,"#Retraites #reformedesretraites Les 5000 milliards d’euros d’épargne des Français, c’est cela l’océan de smarties qui fait rêver les fonds de pension. Votre réforme est un gruyère. Les trous sont partout notamment dans les ordonnances. Il y a plus de trous que de fromage. pic.twitter.com/Lm19bA0Gvp"
United Kingdom,Green Party,MOLLY SCOTT CATO,726372601,2020-05-25 13:23:57,1264910075614892033,215,Green Party,1107,In the wake of the prorogation last year I think it's very important that we all stay alert
France,Rassemblement national,Jordan BARDELLA,1499400284,2020-11-26 13:02:29,1331946428558692353,512,Rassemblement national,610,"Après le sketch du décret sur la vente de sapins, la réouverture des stations de ski mais sans remontées mécaniques !- Bientôt randonnées possibles mais à cloche-pied ?- Réouverture des restaurants mais avec fourchettes interdites ? Absurdistan totalitaire."
Italy,MISTO,gianfranco librandi,1074223417,2021-03-09 10:59:58,1369241546344837123,108,PARTITO DEMOCRATICO,802,In #Italia #100milamorti per #Covid: Un numero che fa un enorme rabbia e che rappresenta tutto il dolore del nostro Paese. Perché Speranza è ancora Ministro della Salute? Visti i risultati e la palese inadeguatezza nel settore sanitario. https://t.co/DsnR1Buthm
Germany,CDU/CSU,matthias hauer,1158585210,2020-10-09 17:44:56,1314622890168463360,420,CDU/CSU,301,"Sie legen offenbar keinen Wert auf fremdes Eigentum, aber Ihr Eigentum wollen Sie dann schon gerne behalten?"
Italy,MISTO,gianfranco librandi,1074223417,2020-03-11 08:44:30,1237660659514474496,108,PARTITO DEMOCRATICO,802,Dobbiamo proteggere la Polizia Penitenziaria . Le carceri possono diventare  focolai di infezioni. Alleggeriamo le presenze concedendo l’indulto a coloro che hanno fine pena breve ( per esempio due anni)
Netherlands,Partij van de Arbeid,Agnes JONGERIUS,2351820624,2021-07-10 06:59:29,1413754735702810624,305,Partij van de Arbeid,1002,"At least 52 workers killed in yet another factory fire in #Bangladesh - many trapped inside by an illegally locked door. This is industrial manslaughter. Company, enforcement agencies, buyers, investors & others have a lot to answer for. Solidarity.   https://t.co/2Ywq1KbqKk"
Latvia,Union of Greens and Farmers ,Uldis Augulis,112978586,2020-01-16 07:28:11,1217710122165772289,92,Union of Greens and Farmers ,2405,"Skatos daudz bezdibenī kritušus dzērājus pazīstat, ja jau klasifikāciju pat esat izveidojis. Saprotu, kompānija Jums savdabīga. Jebkuram būtu grūti. :)"
Portugal,Bloco de Esquerda,Marisa MATIAS,948552829,2021-01-24 23:02:35,1353478331690344448,363,Bloco de Esquerda,1208,"Os combates que temos pela frente são difíceis e fundamentais. Um país solidário, é essa a nossa tarefa.Um país solidário, que se junte pelo Serviço Nacional de Saúde e pelos seus profissionais, a nossa maior arma contra a pandemia."
Belgium,Parti Socialiste ,ahmed laaouej,41107057,2021-01-30 16:52:43,1355559578881159173,162,Parti Socialiste,102,"Béla was one of some 430,000 Hungarian Jews deported to Auschwitz. Learn more about their story in our online lesson: https://t.co/043WQAahQmOther lessons: https://t.co/5GqOAoIj0q"
Netherlands,Christian Union,gert-jan segers,119136331,2020-06-13 17:15:06,1271853615687315456,73,Christian Union,1016,Onze online partijbijeenkomst is hier terug te kijken: https://t.co/Z4QidJqtjZ #CUingesprek pic.twitter.com/NcYdnF4DOA
United Kingdom,The Brexit Party,David BULL,22464893,2020-10-21 22:18:16,1319040332982587392,511,The Brexit Party,1110,We shall see @TiceRichard . I’m worried there is a lot of political pantomiming going on https://t.co/o44EjLIhhg
Sweden,SweDem,"Åkesson, Jimmie ",95972673,2020-11-16 19:53:47,1328426056387350528,37,SweDem,1610,Se hela @jimmieakesson hösttal här:https://t.co/l1YtYNamBH pic.twitter.com/4lSEZbPLP3
Portugal,Partido Socialista,Carlos ZORRINHO,34423857,2020-12-10 19:26:01,1337116379179192320,180,Partido Socialista,1205,"The 39th Session of the #ACPEU Joint Parliamentary Assembly has officially been opened by Co- President of the #ACPEUJPA @czorrinho, presiding over the first part of the meeting. The JPA is an assembly of members from four continents with more than half of the #UN membership pic.twitter.com/v3xj7yw3dx"
Latvia,Union of Greens and Farmers ,Uldis Augulis,112978586,2020-08-28 09:10:14,1299273070801281024,92,Union of Greens and Farmers ,2405,"Būs jāpaskatās, saprotu, ka būs, kur iedvesmu smelties 🤣"
Austria,Freedom Party,"Hafenecker Christian, MA",150739282,2021-07-06 21:18:07,1412521264644866059,478,Freedom Party,1303,"Na schau, jetzt hat’s der @florianklenk zumindest noch als #Betthupferl in die #zib2 geschafft, damit ist klar, was er bezweckt hat. Ich bin eigentlich ganz froh darüber nicht unter einem Minderwertigkeitskomplex zu leiden. Ohne Druck lebt sich’s besser. #guten8"
Netherlands,Staatkundig Gereformeerde Partij,Bert-Jan RUISSEN,72240437,2020-07-17 18:39:08,1284195952623071234,315,Staatkundig Gereformeerde Partij,1006,In een open brief wordt de Europese Unie door 236 politici uit verschillende Europese landen en de Verenigde Staten opgeroepen tot een volledig verbod op Hezbollah. Uit Nederland hebben @hjaruissen en @keesvdstaaij de oproep ondertekend. https://t.co/zAHw9eRHod
Italy,MISTO,gianfranco librandi,1074223417,2020-12-13 12:52:44,1338104569893711876,108,PARTITO DEMOCRATICO,802,Studi lei . Messaggero di oggi riporta uno studio scentifico
Belgium,Open Vlaamse Liberalen en Democraten,Hilde VAUTMANS,700605423,2020-09-17 10:16:18,1306537455307415552,337,Open Vlaamse Liberalen en Democraten,107,"🗣🇪🇺 Je suis outrée, choquée et inquiète que nous devons discuter la sécurité du Dénis #Mukwege. Il est de notre devoir de renforcer ce rempart qui défend nos valeurs fondamentales dans son pays. Amani Kwenjoe. La paix pour vous. Vrede voor u. #EPlenary #reneweurope pic.twitter.com/5K6AKznB1t"
Denmark,The Social Democratic Party,Camilla Fabricius,2649896319,2020-08-11 19:13:21,1293264259523194882,412,The Social Democratic Party,201,Ingen skal møde en lukket dør når de flygter fra vold i hjemmet. Bedre hjælp på vej med op mod 100 ekstra pladser på kvindekrisecentre over hele landet. Tak til @SFpolitik @Enhedslisten @radikale og @alternativet_ for sammen at løfte området#dksocial https://t.co/NqNqjmliZJ
France,Les Républicains,Aurélien Pradié,1855097904,2020-12-22 20:28:28,1341480748621180930,155,Les Républicains,609,"Ou le Président et son gouvernement sont des bricoleurs qui atteignent des sommets en retirant un texte à peine déposé. Ou ils agissent sciemment, tentant d’installer dans notre droit des entorses durables. Dans les deux cas, c’est irresponsable et désormais devenu insupportable."
Germany,CSU,Michael Frieser,4577700622,2020-04-02 14:10:57,1245715345559568385,426,CSU,308,"Während (fast) alle Politiker an einem Strang ziehen, um DE durch die Krise zu führen, fällt @EskenSaskia & @DietmarBartsch nur ein, den alten Hut von der #Vermögenssteuer hervorzuziehen. Was wir jetzt brauchen ist echte #Solidarität - nicht #Spaltung!https://t.co/7Su8y5Ez0y"
Latvia,Union of Greens and Farmers ,Uldis Augulis,112978586,2021-01-21 11:05:29,1352210705664110592,92,Union of Greens and Farmers ,2405,"Tā nu gan nav. :) Piemēram, definējot, kas ir pabalsta saņēmēji, automātiski tiek noteikts, ka pārējie, kas neatbilst likumā noteiktajiem kritērijiem, pabalsta saņēmēji nav. Vienkārši un loģiski :)"
Portugal,Bloco de Esquerda,MARISA MATIAS,948552829,2020-11-07 19:13:32,1325154436713476106,363,Bloco de Esquerda,1208,"É preciso continuar a trabalhar na prevenção da violência doméstica e no namoro, mas também não esquecer as respostas à posteriori thttps://t.co/GYDBNMt8CV#marisa2021#presidenciais2021"
Latvia,For Development/For! ,Dace Rukšāne-Ščipčinska,83447813,2020-10-14 17:22:08,1316429092477120512,95,For Development/For! ,2417,"Vienu brīdi bija pilnīgs deficīts, tagad rudenī neesmu interesējusies."
Belgium,Démocrate Fédéraliste Indépendant,Rohonyi Sophie ,1851210716,2020-12-04 20:54:55,1334964424197681159,580,Démocrate Fédéraliste Indépendant,111,"🇧🇪 ""Nous avons un avantage. C’est en #Belgique que ce vaccin est produit"", Yvon Englert, président de la Task Force Vaccination ⤵https://t.co/0tcWNwCnra@YvonEnglert #LN24 #vaccin"
Sweden,Mod,"Beckman, Lars ",298744792,2020-01-22 21:06:02,1220090265542840323,42,Mod,1605,Mikael Damberg står i Aktuellt och är upprörd. Tanken är att vi ska bli lugnade av hans ilska.
Austria,Austrian People's Party ,"Lopatka Reinhold, Dr.",816879318,2020-01-10 16:32:47,1215672846980173826,476,Austrian People's Party ,1302,Plenarrede zur Regierungserklärung: „Das Beste aus beiden Welten“ – Das braucht auch die EU. Klima- und Umweltfragen ernst nehmen und mit einer starken Wirtschaft gute umweltverträgliche Lösungen finden! https://t.co/hsdTWrZ1s5
Slovenia,Lista Marjana Šarca,Irena JOVEVA,377486485,2020-06-18 11:24:01,1273577200026083329,544,Lista Marjana Šarca,2915,"The @Europarl_EN will not compromise on the future of the EU. Together with other group leaders, I call on #EUCO to do the same & match political statements with budgetary means. We must bestow to future generations of Europeans a thriving 🇪🇺which leaves no one behind.👇 pic.twitter.com/o71GDG8Dyl"
United Kingdom,Green Party,MOLLY SCOTT CATO,726372601,2020-06-28 07:02:20,1277135224627920896,215,Green Party,1107,Farcical front page from the #SundayFail this morningTypical authoritarian posturing from The Failed LeaderExcept he didn't dare show his pecs and kept his shirt on!#PoundshopPutinh/t @frankgwest for pic pic.twitter.com/cc2YSLNBee
Latvia,Union of Greens and Farmers ,Uldis Augulis,112978586,2020-10-21 12:30:53,1318892512099110912,92,Union of Greens and Farmers ,2405,"Kā jau teicu, tie, kas paliek un saista savu dzīvi ar Latviju, gan iemācās valodu, gan integrējas sabiedrībā. Nav jau jānēsā prievīte un vadmalas svārki, bet ir jāciena sava mītnes zeme, tās kultūra un paražas."
Portugal,Partido Socialista,Sara CERDAS,625048553,2021-01-08 12:09:16,1347515712080900098,180,Partido Socialista,1205,"Apoiamos a proposta da @EU_Commission para a aquisição conjunta de até mais 300 milhões de doses de vacina. Mais um sinal de confiança e de esperança de que, juntos, ultrapassaremos esta crise. A União Europeia a responder às expectativas dos seus cidadãos.#VacinaCovid19"
Slovenia,New Slovenia – Christian Democrats Deputy Group,Vrtovec Jernej ,99532067,2021-03-10 16:53:33,1369692915174416390,27,New Slovenia – Christian Democrats Deputy Group,2905,"[OBLETNICA VLADE] 🇸🇮 S spremembo zakona želimo povečati varnost, slediti trendom in opredeliti nova sredstva v prometu. Zakon med drugim prinaša uzakonitev vožnje z e-skiroji, znižanje kazni za nizke prekoračitve hitrosti in možnost zavijanja v desno pri rdeči luči na semaforju. pic.twitter.com/YlvssLLH14"
Austria,Social Democratic Party,Krainer Kai Jan,739507654746378240,2020-06-04 08:33:16,1268460801997881345,479,Social Democratic Party,1301,"Im #IbizaUA wollen wir klären, wie sich Türkis-Blau kaufen ließ. Uns fehlen aber wesentliche Akten, v.a. das Ibiza-Video. Deswegen laden wir Minister Nehammer und Ministerin Zadic, morgen in den Ausschuss. Es muss der Weg für echte Aufklärung endlich freigemacht werden!"
Belgium,Centre démocrate humaniste ,catherine fonck,1392844044,2021-05-17 11:52:45,1394259593824505856,324,Centre Démocrate Humaniste,108,Être libre d’aimer. #JournéeInternationale #Homophobie pic.twitter.com/Rw1ngGvLdt
Germany,Alliance 90/The Greens,Renate Künast,1425265488,2020-04-26 14:48:02,1254421987713339392,423,Alliance 90/The Greens,304,Ich rieche den Flieder schon beim Abschauen.
Sweden,Moderaterna,Tomas TOBÉ,19455187,2021-04-27 12:36:39,1387022884103725056,42,Mod,1602,"Addressed EU-Turkey-relations in @Europarl_EN. Turkey should not become a member of the EU, but it is our neighbour. We need to build a long-term partnership on sensitive but important issues like migration and security. However, we must never accept Mr Erdogan’s power play. pic.twitter.com/ZRyEuA13PD"
Belgium,Open Vlaamse Liberalen en Democraten,HILDE VAUTMANS,700605423,2020-06-03 07:10:01,1268077461121703937,337,Open Vlaamse Liberalen en Democraten,107,"Positief nieuws uit #Libië 🇱🇾. De verschillende partijen gaan opnieuw praten over een staakt-het-vuren. Belangrijk, want enorme inspanningen zijn nu nodig om #Covid_19 aan te pakken. Alle groepen moeten #verantwoordelijkheid aan de dag leggen, inclusief buitenlandse actoren. pic.twitter.com/Azr9su3Ag9"
Slovenia,Lista Marjana Šarca,Irena JOVEVA,377486485,2021-07-16 15:44:17,1416061131458760712,544,Lista Marjana Šarca,2915,"Ko poslanec jasno/javno pove, da mu ospredju ni država, niti vsebina. Še korak dlje - vseeno mu je kaj mislijo ljudje. To je novo dno parlamentarizma, ki je postal zgolj bleda senca ujeta v zavetju oportunizma posameznih egotov. #žalost #desus #jurša"
Slovenia,Lista Marjana Šarca,Klemen GROŠELJ,2373445755,2021-04-16 14:19:45,1383062560337956865,544,Lista Marjana Šarca,2915,"#povzetek 👉 @Rudi_Medved""@JJansaSDS ni jasno in glasno zanikal vpletenosti v vsebino non-paperja.""https://t.co/dqlYYRwAAu"
Germany,AfD,Götz Frömming,809895794,2020-04-13 22:22:50,1249825399380508674,427,AfD,310,"In der Tat behaupte ich, dass die Bundesregierung den Ernst der Lage zunächst nicht erkannt hat - obwohl ausreichend Berichte vorlagen. Das wird später noch aufzuarbeiten sein."
Austria,The Greens,Stögmüller David,540694329,2020-10-21 11:28:13,1318876741864140801,588,The Greens,1304,"Benkos Signa kauft die Postsparkasse 2014 um 150 Mio. 2019 kommt der Mietvertrag mit der BIG für 99 Jahre. Und wie durch Zauberhand ist das Haus 340 Mio. Dank BIG hat Benko 190 Mio, die er in die nächsten Immobilien investieren kann. Aus Luftschlösser werden Schlösser.#IbizaUA"
Slovenia,Slovenian National Party Deputy Group,Jelinčič Plemeniti Zmago ,812216904333099008,2021-06-01 16:09:42,1399760075150012419,35,Slovenian National Party Deputy Group,2907,.@BojanPozar se prašujem koliko so vam naročniki plačali za tako neresno in bedasto objavo in kdo so bili ti naročniki. Saj se vendar ve kdo sta tista dva “nesrečnika”.
Italy,PARTITO DEMOCRATICO,NOJA Lisa,576934973,2020-02-04 13:20:42,1224684205109628928,108,PARTITO DEMOCRATICO,837,"Oggi, grazie ai passi in avanti nella ricerca e prevenzione, la sopravvivenza dei pazienti oncologici è aumentata. Un risultato straordinario che, tuttavia, nasconde troppe differenze territoriali. Si può fare ancora molto per migliorare la vita di tante persone! #WorldCancerDay pic.twitter.com/r1jaiZO0SX"
Slovenia,New Slovenia – Christian Democrats Deputy Group,Pavlin Blaž ,400934014,2020-11-10 17:28:03,1326215055562694657,27,New Slovenia – Christian Democrats Deputy Group,2905,Je bil že čas. Odlično. https://t.co/xolEDTTwbx
Sweden,SweDem,"Stenkvist, Robert ",299559374,2020-04-19 08:16:15,1251786677653299200,37,SweDem,1610,Ja med största sannolikhet är siffran kraftigt underdriven.
Greece,N.D. (New Democracy),Staikouras Christos,84853888,2021-06-07 11:43:49,1401867489856851969,137,N.D. (New Democracy),402,🔴Live στο @tvstargr 👉🏻 https://t.co/VuxktUq6d7 pic.twitter.com/3WEzWcOrfK
Latvia,Union of Greens and Farmers ,Uldis Augulis,112978586,2020-05-31 11:07:46,1267050129275719680,92,Union of Greens and Farmers ,2405,"Ir liela starpība starp atteikšanos komentēt un kāda, kurš nedzird atbildes, nosūtīšanā  galopā ap egli. Lai jauka diena! pic.twitter.com/kVxFfVe1dq"
France,Parti Radical de Gauche,François-Michel Lambert,522084022,2021-07-13 13:41:25,1414943046119141388,151,Parti Radical de Gauche,603,"""Il est crucial d'accélérer la vaccination des Français"", déclare @BertrandPancher, qui regrette toutefois que ""le président de la République"" a ""fait le choix"" de ""décider seul, encore"".#DirectAN #QAG #COVID19 #VaccinationCovid pic.twitter.com/SHUWDrg8bY"
Netherlands,Christian Union,gert-jan segers,119136331,2020-02-26 08:44:57,1232587343577722881,73,Christian Union,1016,"En als je meer wilt weten van Aswoensdag en het askruisje, dan kun je hier terecht: https://t.co/GvXPz0ut63"
Denmark,The Danish People's Party,liselott blixt,58550919,2020-09-21 10:03:10,1307983700815118336,414,The Danish People's Party,215,"Der forsøgte man med forskningspulje, ingen søgte den 🤷‍♀️"
France,Parti Socialiste,François Pupponi,413819531,2021-03-15 17:53:41,1371519988339773446,162,Parti Socialiste,602,"À l’initiative du @ccaf_france, un appel a été lancé par des personnalités françaises, dont je fais partie, dans Le Point pour la libération des #prisonniers de guerre arméniens détenus par l'#Azerbaïdjan."
Austria,The Greens,Neßler Barbara,974404372774998017,2021-05-05 11:06:57,1389899410637791240,588,The Greens,1304,Heute ist der Jahrestag der Befreiung vom KZ-MauthausenFoto: #Mauthausen 2010 © Mark Mühlhaus / attenzione#Befreiung #Gedenken pic.twitter.com/0IgDn9kPof
United Kingdom,Labour Party,THERESA GRIFFIN,829060856,2021-05-01 12:13:28,1388466597736636418,193,Labour Party,1102,Great from @James_BG - killer point is that adoption of “net zero” by over 70% of global economy means climate delayers are now fighting on environmentalist terms. This doesn’t stop the fight but it permanently tilts the playing field in our favour for the first time. https://t.co/I1l7ffvQIc
France,Mouvement Démocrate,Sarah El Haïry,91376641,2021-05-05 17:58:49,1390003060030808069,152,Mouvement Démocrate,613,"Un de nos policiers a été mortellement blessé, ce soir, à Avignon, alors qu’il était en intervention.Mes premières pensées vont à ses proches et à la grande famille de la @PoliceNationale, à nouveau endeuillée.Tout est mis en œuvre pour que cet acte odieux ne reste pas impuni."
Netherlands,Forum for Democracy,thierry baudet,367703310,2020-05-06 14:51:58,1258046856673796097,68,Forum for Democracy,1051,"🌲 Drenthe stopt met het kappen van bomen door vragen van #FVD. Een fantastisch succes van @DrentheFVD. Overal in Nederland doen wij ons uiterste best om voor méér bomen te zorgen, ons land groen te houden en de pracht van ons landschap te bewaren.https://t.co/05bd01qrto"
Poland,Wiosna,Robert BIEDROŃ,466781777,2020-03-07 08:24:03,1236205961108389888,549,Wiosna,2621,"💬 Prezydent Duda wie, że przegra nadchodzące wybory, jeśli nie będzie tych 2 mld złotych na propagandę TVP. To 2 mld złotych na #PolskaPogardy! 📌 #TVPiS🇵🇱 #Biedron2020"
France,Indépendant,Gilles BOYER,102948151,2021-05-08 07:52:25,1390937618964258817,538,Indépendant,617,Lire à Limoges 2021 - Édouard Philippe et Gilles Boyer - Intégral https://t.co/sIWSnUOoAp via @YouTube
Denmark,Nye Borgerlige,Mette Thiesen,1390010864,2021-02-27 19:28:10,1365745560393777153,507,Nye Borgerlige,220,"Nej, det er og skal ikke være normalt for børn at faste hele dagen. #mgp2021 #sang7"
Portugal,Partido Comunista Português,JOAO FERREIRA,951055588330475520,2021-01-20 10:02:32,1351832473525760000,261,Partido Comunista Português,1210,"Quando os imprescindíveis  se encontram, reconhecem-se. @jferreira2021 a convergência que não se esgota no domingo pic.twitter.com/y640NwmEKF"
Germany,Piratenpartei Deutschland,Patrick BREYER,993792060548435968,2020-10-08 13:48:59,1314201126267486209,353,Piratenpartei Deutschland,311,Gestern war ich zu Gast beim @faz_einspruch Podcast und habe mit @CBudras und @cobvl über die Folgen des EuGH-Urteils auf die #Vorratsdatenspeicherung in Deutschland und Europa gesprochen:  https://t.co/yzQWxbuGzD #StopptDieVorratsdatenspeicherung pic.twitter.com/LTX0ceG0PE
Latvia,For Development/For! ,Dace Rukšāne-Ščipčinska,83447813,2020-02-15 22:49:03,1228813500673404928,95,For Development/For! ,2417,Kādas 6-8 dažādas ķīmijas…
Austria,Freedom Party,"Deimek Gerhard, Dipl.-Ing.",574351267,2020-03-13 21:58:08,1238585160091734023,478,Freedom Party,1303,#OeNR und #OeBR treten Samstag und Sonntag zu Sitzungen zusammen. Darauf haben sich die Parlamentsfraktionen heute Abend in einer gemeinsamen Sonderpräsidiale verständigt: Mehr: https://t.co/h9nrLsqKni
Sweden,Lib,"Haddad, Roger ",878300089,2020-07-02 06:07:58,1278571094073581568,41,Lib,1604,"Vi har problem med studiero i skolan, sjunkande skolresultat, ökad andel obehöriga lärare, i synnerhet på skolor med tuffast uppdrag. Inte sällan ligger de i socioekonomiskt utsatta områden. L kräver ökade befogenheter för lärare mot stöket, fortbildning och lönesatsning. #svpol"
Italy,MOVIMENTO 5 STELLE,ROSPI Gianluca,939092301091168261,2021-05-20 21:25:47,1395490963372625921,105,MOVIMENTO 5 STELLE,845,Finalmente tregua. Ora la comunità internazionale faccia ogni sforzo per un dialogo costruttivo che possa portare alla #pace. Questa è una splendida notizia.https://t.co/HncRhnbIWS
Netherlands,Democrats 66,steven van weyenberg,126360384,2021-03-15 08:32:03,1371378647936946180,70,Democrats 66,1004,En heb mbt steunpakket voor ondernemers goed samen opgetrokken met @vvd @ThierryAartsen (cc @alexanderroep )
Germany,CSU,Thomas Silberhorn,951489275312443392,2021-07-09 17:15:16,1413547312798969856,426,CSU,308,Politik meets #Heer: Staatssekretär @SilberhornMdB beim #Ausbildungszentrum Spezielle Operationen in #Pfullendorf. Im Fokus 👉 Fallschirmtraining & Nahkampfausbildung. #GlückAb pic.twitter.com/MtjuvHJfBj
Slovenia,Slovenian National Party Deputy Group,Jelinčič Plemeniti Zmago ,812216904333099008,2020-03-12 16:27:19,1238139517481242626,35,Slovenian National Party Deputy Group,2907,"Upam, da bo nova ministrica ministrstvo vodila bistveno boljše kot pa ga je vodil dosedanji komunistični @JernejPikalo."
Netherlands,Socialist Party,peter kwint,239853793,2021-07-30 09:00:55,1421033049853149184,69,Socialist Party,1014,Ik bedoel dat je testen voor toegang niet automatisch kunt gelijk stellen aan ‘uitrazen’. Dat het totaal waardeloos is in- en uitgevoerd zijn we wel eens vermoedelijk.
Netherlands,CDA,Pieter  Omtzigt,19223962,2021-02-26 20:11:20,1365394033531641856,63,Christian Democratic Appeal,1001,"Nee, ik heb geen (leen) hondZou ook zielig zijn met al die reizen.Maar deze week zou het leuk zijn.."
Italy,FORZA ITALIA - IL POPOLO DELLA LIBERTA - BERLUSCONI PRESIDENTE,elio vito,1557514573,2021-06-06 09:08:03,1401465901015351298,107,FORZA ITALIA - BERLUSCONI PRESIDENTE,815,Perdoni l'errore. Ovviamente rettifichiamo e chiedo scusa
Netherlands,Forum voor Democratie,Derk Jan EPPINK,191409618,2021-03-13 14:30:25,1370744059308998661,530,Forum voor Democratie,1051,D66 spelt anderen de les. Geen land is perfect. En rechters EU Hof Justitie ook politiek benoemd. D66 - vol in #toeslagenaffaire - ziet zichzelf als zedenmeester ‘rechtsstaat’.En @SophieintVeld hoe stemde je nu inzake politieke onschendbaarheid Catalaanse MEPs? Zeg eens eerlijk! https://t.co/6MJspUHFtT
Austria,Freedom Party,"Deimek Gerhard, Dipl.-Ing.",574351267,2020-02-27 18:09:41,1233091850178846721,478,Freedom Party,1303,"@Gruene_Austria liefern Reimon aus, obwohl das Delikt gleich gelagert ist wie bei Stögmüller. Bin gespannt ob die nächsten Ringblockaden zu Immunitätsaufhebungen und Verurteilungen führen. Wandel ging schnell. #OeNr"
France,Rassemblement national,France JAMET,966076399,2020-06-29 10:58:19,1277557000717688839,512,Rassemblement national,610,62.45% Merci #Moissac !#Municipales2020 pic.twitter.com/BxUjwASdJ2
Italy,PARTITO DEMOCRATICO,silvia fregolent,590358735,2020-03-12 08:24:04,1238017905100574721,108,PARTITO DEMOCRATICO,837,"Las cifras revelan que estamos ante a una pandemia. Italia tiene cifras similares a los otros Países. Y la “zona roja” tiene que ser toda Europa: cuanto antes lo entiendan, mejorhttps://t.co/2or4Sg0gNB pic.twitter.com/5iLQ0YD4XL"
Denmark,The Red-Green Alliance,Rosa Lund,736979161,2020-05-28 09:00:16,1265930880402501632,409,The Red-Green Alliance,213,Ungdomskriminalitetsnævnene bør afsakffes. Som minimum bør børn og unge med funktionsnedsættelser fritages for at have deres sager der. Både fagfolk og forældre melder at det ikke fungerer #dkpol
Portugal,Partido Socialista,Carlos ZORRINHO,34423857,2020-05-04 18:51:31,1257382366361812992,180,Partido Socialista,1205,"The impressive result of today’s global pledging event to respond to the #coronavirus pandemic clearly shows:  If we work together towards a joint global response, we can achieve a lot. #StrongerTogether #UnitedAgainstCoronavirus https://t.co/04GIgiUIca"
Netherlands,50PLUS,henk krol,24391811,2021-05-26 20:36:08,1397652796707590145,72,50PLUS,1020,pic.twitter.com/UVpxqN7fDh
Sweden,ChrDem,"Jacobsson, Magnus ",114281672,2021-07-22 16:10:03,1418241942488498182,44,ChrDem,1606,"Nej, ikväll är fel kväll. Jag skriver ett twit för att hedra ungdomar som förlorade livet några få kommuner norr om min kommun. Att då indirekt bli anklagad för detta bestialiska terrordåd gör mig grymt irriterad. Inte ofta jag tappar humöret, men detta är osmakligt. God kväll."
Denmark,The Conservative People's Party,Mai Mercado,1079806855,2020-10-23 20:06:40,1319731990149668865,413,The Conservative Party,203,Hårdt slag for idrætten og folkeoplysningen med de nye restriktioner. De kæmper i forvejen en hård og nærmest kamp. I ugens løb fik jeg et hav af mails fra fodboldfans der ikke forstod der kun må komme 500 på et stadion der kan huse 40.000 https://t.co/eYt0vWO34W #dkpol
Portugal,Partido Popular,NUNO MELO,2858866479,2020-03-17 17:26:35,1239966374115475462,201,Partido Popular,1202,"Também tem que fazer qualquer coisinha mais do que dizer amém a qualquer disparate que este governo decida, ou omita.Acho que na gestão deste processo o governo tem estado péssimo, sou um deputado de um partido na oposição e cumpro o meu papel."
Poland,Kukiz15,jacek wilk,2385179893,2020-01-07 12:15:40,1214520977373192192,485,Kukiz15,2617,"Hmmmm...Chyba tylko cięte poczucie humoru, ostra satyra i niewyparzony język jest w stanie uratować ten świat - dożyliśmy czasów, w których aby usłyszeć prawdę, trzeba słuchać komików... https://t.co/wyclMZPY73"
Sweden,Mod,"Beckman, Lars ",298744792,2020-09-27 11:32:46,1310180578868826113,42,Mod,1605,"För att avsluta; jag håller dock med @pwolodarski om att det finns farliga utvecklingar och att ”Oavsett tidsanda, oavsett vilka politiker som för tillfället är populära måste journalistiken vara fri och oberoende.” Vi kanske bara riktar den uppmaningen åt olika håll."
France,Parti Socialiste,François Pupponi,413819531,2020-02-18 16:57:54,1229812293652951042,162,Parti Socialiste,602,"Chers amis, notez d’ores et déjà dans vos agendas notre rendez-vous du 25 février à la salle Jacques Berrier à #Sarcelles, à 20h où j’aurai la joie de vous convier à une séance de dédicace de mon nouveau livre intitulé « Les émirats de la #République » pic.twitter.com/sUgm31YZwY"
France,Europe Écologie,KARIMA DELLI,92233525,2021-03-27 16:50:37,1375852773107990537,330,Europe Écologie,605,"🪣 C’est parti pour le collage pour les #Régionales2021 ! À côté du local régional EELV à Lille, on a fait ça avec mon co-secrétaire régional @VincentDhelin et le mandataire financier de #lla Campagne #ClimatEmploi @domplancke 🤗Go @KarimaDelli ! pic.twitter.com/7agfuDvUDH"
Greece,SYRIZA (Coalition of the Radical Left),Mamoulakis Charalampos (Charis),823985090925576194,2020-10-13 09:43:10,1315951202430058496,135,SYRIZA (Coalition of the Radical Left),403,Η παραπλάνηση & τα #FakeNews στην καθημερινότητα της κυβέρνησης: Με τίτλο «Ρύθμιση οφειλών & παροχή 2ης ευκαιρίας» φέρνουν στη #Βουλη το πτωχευτικό που οδηγεί στην απώλεια της πρώτης & μοναδικής κατοικίας.«Αποχαιρέτα το σπίτι που χάνεις» θα έπρεπε να είναι ο τίτλος Κ. Μητσοτάκη!
Portugal,Partido Popular,NUNO MELO,2858866479,2020-04-02 11:34:26,1245675959099035651,201,Partido Popular,1202,"Se o governo quer realmente ajudar a economia neste momento difícil perceba que é muito mais importante que o Estado que dá calotes pague as  dívidas a particulares e empresas em dificuldades, do que ter o primeiro-ministro em números de campanha à boleia da Cristina Ferreira. pic.twitter.com/R7lp9DcOft"
Netherlands,Forum for Democracy,thierry baudet,367703310,2021-03-15 08:24:51,1371376837037801472,68,Forum for Democracy,1051,Wat is deze man een teleurstelling zeg. Met zijn Build Back Better https://t.co/85pqq4PydH
Germany,FDP,Benjamin Strasser,29540300,2020-12-11 16:53:50,1337440465503793159,428,FDP,303,#followfriday @bstrasser Benjamin ist 33 Jahre alt und Bundestagsabgeordneter. Als Obmann im Innenausschuss setzt er sich vor allem für den Schutz unserer Bürgerrechte ein. Aus diesem Grund ist er damals auch den JuLis beigetreten. pic.twitter.com/UGAiJ79fu2
Belgium,Mouvement Réformateur ,david clarinval,527758724,2020-07-19 16:17:08,1284884989809754113,290,Mouvement Réformateur,106,"Il ressort des analyses que la recrudescence de l’épidémie s’illustre par des foyers circonscrits, liés à des événements et/ou cercles sociaux particuliers. Le suivi de la situation est constant. Un rétroplanning précis a été défini d’ici jeudi prochain. https://t.co/rBnuEDwUTs"
France,Debout la France,Nicolas Dupont-Aignan,38170599,2020-04-27 09:35:00,1254705596864970753,161,Debout la France,628,"📻 Dès 12h35, retrouvez-moi sur @SudRadio !📲 Réagissez avec le hashtag #SudRadio pic.twitter.com/vvZdK3Zm4h"
Netherlands,Party for Freedom,edgar mulder,286297831,2020-10-02 15:48:02,1312056756948930561,62,Party for Freedom,1017,Thank you for the love you are sending our way. I have mild symptoms but overall feeling good. I am looking forward to a speedy recovery.
Austria,Freiheitliche Partei Österreichs,HARALD VILIMSKY,303234771,2020-05-03 10:32:57,1256894510476464129,251,Freiheitliche Partei Österreichs,1303,Anschober hat bei #Ischgl völlig versagt. Anschober hat die Verbreitung des Virus quer durch Ö mitverschuldet. Anschober hat bei Ostererlass die totale Verwirrung gestiftet. Anschober verwirrt mit Lockerungs-Verordnung.Und dennoch: Anschober ist der Liebling der Medien.
Slovenia,Lista Marjana Šarca,Klemen GROŠELJ,2373445755,2021-07-03 08:37:25,1411242666084519939,544,Lista Marjana Šarca,2915,Žal drvimo v diktaturo! #stop #nismovsiisti https://t.co/nwSQnlRiai
Austria,Österreichische Volkspartei,Lukas MANDL,56818265,2020-09-23 17:50:45,1308826149968019457,238,Österreichische Volkspartei,1302,"PS: Wenn jemand einen sachlichen Beitrag dazu hat (dafür, dagegen, Umsetzbarkeit, Risken, Chancen u. dgl.), bin ich dankbar und offen. Sonst schönen Abend. Bereite mich auf den morgigen Verhandlungsstart vor. Es gibt viel zu tun, im Sinne aller Beteiligten."
Portugal,Partido do Centro Democrático Social-Partido Popular,Nuno MELO,2858866479,2020-03-17 19:19:23,1239994758589820933,201,Partido Popular,1202,"Os eurodeputados portugueses recebem cerca de 3 % do Orçamento Geral do Estado e pagam impostos em Portugal pelo escalao máximo, ou seja, muito acima. Informe-se, nem que seja com algum eurodeputado do seu partido, antes de dizer asneiras ."
Netherlands,Partij van de Arbeid,KATI PIRI,2279751087,2020-01-17 13:35:23,1218164918609944576,305,Partij van de Arbeid,1002,"Onrust in Irak. Burgers demonstreren tegen corruptie, werkeloosheid en politiek. Wat kunnen Nederland en de internationale gemeenschap doen? 23 januari organiseert @FMS_Foundation een politiek café met o.a. @KatiPiri en @BakhtiarBakr. Meld je hier aan👉https://t.co/gxIM3sVq4h"
Greece,The Greek Solution,Asimakopoulou Sofia - Chaido,1148229718627540992,2021-01-17 19:47:38,1350892555987259392,568,The Greek Solution,416,Με μόνο 10 βουλευτές η @ellinikilisi  εξακολουθεί και είναι μακράν η πρώτη στον κοινοβουλευτικό έλεγχο Η προβολή και υπεράσπιση των δίκαιων αιτημάτων των Ελλήνων πολιτών είναι η πρώτη μας σκέψη #Πρωτα_η_Ελλαδα #Πρωτα_οι_Ελληνες @velopky pic.twitter.com/juhNKlROg1
France,Front National,Louis Aliot,316956459,2020-10-30 07:51:38,1322083729045671942,159,Front National,610,"Fatiha répond à Jérémy, fiché S sur RMC: ""Il est hors de question que la religion prime sur la République""#ApollineMatin pic.twitter.com/wFaZYwE26d"
Belgium,Parti Socialiste ,frédéric daerden,42380944,2020-09-14 05:46:23,1305382365766791168,162,Parti Socialiste,102,L’accessibilité et la qualité de l'enseignement supérieur sont les deux guides du gouvernement de la #fwb. Bonne rentrée au étudiant.e.s et à l'ensemble du personnel pédagogique et encadrant. pic.twitter.com/buZ8Eqaj7C
Austria,Österreichische Volkspartei,Othmar KARAS,120109196,2021-07-15 09:56:41,1415611265112809474,238,Österreichische Volkspartei,1302,"Mit dem #GreenDeal wurde die Transformation unserer europäischen Wirtschaft eingeleitet. Mit LH-Stv. Heinrich Schellhorn und EP-VP @othmar_karas diskutieren wir am kommenden Mittwoch in Salzburg über dieses Spannungsfeld ""Wirtschaft und Umwelt"". Wir freuen uns auf Eure Fragen! pic.twitter.com/6np4cl72Nn"
Netherlands,Forum for Democracy,thierry baudet,367703310,2021-04-12 20:51:58,1381711716833243138,68,Forum for Democracy,1051,"Ross Ulbricht is a peaceful, nonviolent man who has never harmed anyone and whose only ""crime"" was to create a website that some used to sell drugs that shouldn't be illegal in the first place."
Netherlands,Partij van de Arbeid,AGNES JONGERIUS,2351820624,2021-01-21 12:44:00,1352235497343619076,305,Partij van de Arbeid,1002,"Dat alle werknemers het recht op onbereikbaarheid krijgen, daarover stemt het Europees Parlement vandaag.Je hebt recht op tijd voor jezelf, voor je familie en je vrienden, zonder dat je steeds gestoord wordt door je baas!Luister hier @DeNieuwsBV terug!#SocialRights pic.twitter.com/SL3S6kf28K"
France,Parti Radical de Gauche,François-Michel Lambert,522084022,2021-01-20 22:00:32,1352013166180499458,151,Parti Radical de Gauche,603,Ça commence à se voir ce problème de #logistique dans la #vaccination #COVID19 Même pas 1% de la population vaccinée....parmi les derniers https://t.co/ttYS8uAIjJ pic.twitter.com/nftXUYWYsk
Poland,Polish People's Party-Kukiz15,Zgorzelski Piotr,1070635531447558144,2020-10-27 12:30:28,1321066734401572865,576,Polish People's Party-Kukiz15 ,2606,Dziś w Onecie https://t.co/SsManmuurd @nowePSL @Polska_Koalicja
Latvia,The New UNITY ,Inese Lībiņa-Egnere,1041734490,2020-09-09 07:56:07,1303603076826267648,78,Unity,2402,Tiesu politikas apakškomisija uzsāk darbu pie Advokatūras likuma grozījumiem https://t.co/vZGWmjzZEF
France,Parti Radical de Gauche,François-Michel Lambert,522084022,2020-09-30 13:12:28,1311292831336730625,151,Parti Radical de Gauche,603,"La scène du film ""la belle verte coline de serreau""  résume tellement bien Vincent Lindon ... J'aime ce Grand Monsieur ! #vincentlindon pic.twitter.com/Wt41sHR9Ox"
Greece,Movement For Change,Loverdos Andreas,225931853,2021-04-26 14:11:07,1386684268739452928,136,DEMOCRATIC COALITION (Panhellenic Socialist Movement Democratic Left),401,«Η χώρα μας έχει και χερσαία και θαλάσσια σύνορα και αυτά πρέπει να είναι απαραβίαστα»Συνέντευξη στο @lesvospen https://t.co/XGuyRsFYcF
Germany,CSU,Thomas Silberhorn,951489275312443392,2020-10-26 19:43:07,1320813226746150914,426,CSU,308,"Die #Kommandeure der #Bundeswehr nutzen das 2019 eingeführte ""Handgeld"" für Beschaffungen im Verband. Mittlerweile auf zivile Dienststellenleiter erweitert. Schönes Beispiel für Subsidiarität: #Verantwortung delegieren, wo immer möglich, und #Vertrauen dazugeben. https://t.co/ZAYCZZBRxg"
Netherlands,People's Party for Freedom and Democracy,barbara visser,2563216916,2020-10-02 15:55:30,1312058635577700353,66,People's Party for Freedom and Democracy,1003,"Met de ontwikkeling van Spiral 0 vervangen we de militaire radio- en communicatieapparatuur, om te beginnen bij een eenheid van @43MechBrig. We zetten een nieuwe stap in de samenwerking met @bundeswehrInfo en vergroten onze interoperabiliteit! 🇩🇪 🇳🇱 https://t.co/RtXxJ7wc0v pic.twitter.com/EALUNCo5vB"
Netherlands,Party for the Animals,lammert van raan,19860633,2020-11-18 20:21:39,1329157844910923778,65,Party for the Animals,1018,5/8De onrechtmatige aankoop aandelen AF-KLM werd zoals verwacht een enorme verliespost...- De minister kan niet uitleggen hoe de blanco cheque voor KLM ooit zal worden terugbetaald Dit geld zouden we zoveel beter kunnen besteden!https://t.co/gj6mnFb89r
Netherlands,Socialist Party,renske leijten,132560993,2021-04-23 17:40:03,1385649683956178947,69,Socialist Party,1014,Dit was ons voorstel pic.twitter.com/i4GOv4QT5b
France,Parti Radical de Gauche,François-Michel Lambert,522084022,2021-03-28 17:39:06,1376227362073948161,151,Parti Radical de Gauche,603,Les vrais héros de cette #MarcheClimat ce sont les plus de 110.000 manifestant.e.s dans toute la France 🇫🇷 Votre mobilisation nous donne plus de forces pour agir à partir de demain à @AssembleeNat sur le #PJLClimatResilience 🙏🙏👏👏cc @parti_lef https://t.co/gIq9LCYoEL pic.twitter.com/T6QUysPW0l
France,La France Insoumise,Bastien Lachaud,247895631,2020-10-14 19:58:20,1316468403138433026,148,La France Insoumise,627,"#CouvreFeu donc. Mais pas un mot sur les écoles, le travail, où se répand le #COVID19. Parce que l'économie doit tourner. Pas un mot sur les moyens pour l’hôpital. Parce que rien n'est fait. #macron20h gesticule pour cacher l'échec de sa gestion. Personne n'est dupe."
France,Parti Socialiste,Olivier Faure,213754264,2021-03-08 08:19:36,1368838801901109250,162,Parti Socialiste,602,"Des propositions fortes et précises, des engagements précis et des sujets abordés sans tabou : je partage très rarement les ITW politiques, mais là elle d'@faureolivier mérite d'être lu, discuté, defendu. https://t.co/nsCEOgSA7N"
France,Parti Communiste Français,Jean-Paul Lecoq,539156968,2021-01-21 09:49:02,1352191466878210050,144,Parti Communiste Français,601,Le projet de loi “4D” sur la décentralisation en état de mort clinique ? À la une Acteurs Publics https://t.co/Ko83USASaP
Netherlands,Socialist Party,peter kwint,239853793,2020-04-07 15:12:30,1247542777195286531,69,Socialist Party,1014,Sorry. Maar dit is een soort variant op de beroemde Dijsselbloem reductie. Of je bent solidair met Griekenland (lees: doe wat ik voorstel. We hebben gezien hoe dat afliep) of je laat die arme mensen stikken.
Netherlands,Socialist Party,maarten hijink,156230497,2021-02-04 10:53:58,1357281234397917185,69,Socialist Party,1014,Marijnissen: zet alles op alles om meer vaccins in Nederland en Europa te produceren. Deel patenten en kennis en verhoog de druk op farmaceuten om andere bedrijven in te schakelen om meer vaccins te maken #coronadebat
Austria,Social Democratic Party,"Drozda Thomas, Mag.",989554376,2020-12-12 13:59:10,1337758900813258752,479,Social Democratic Party,1301,Interessanterweise kommt Brennan zu einer diametral anderen Einschätzung
France,Parti Socialiste,Guillaume Garot,374055885,2020-11-24 17:11:30,1331284318036103168,162,Parti Socialiste,602,#LoiSecuritaireGlobale Une loi déséquilibrée et dangereuse pour les libertés d’informer et de manifester. Une loi qui risque de diviser davantage notre pays et de rajouter des tensions. J’ai voté contre. https://t.co/5BkVkQfaEs
Netherlands,GreenLeft,lisa westerveld,127823462,2020-09-11 20:45:07,1304521375089152004,74,GreenLeft,1005,Van dezelfde partijen als die vluchtelingen ook laten barsten inderdaad.
Belgium,Vlaams Belang,Van Langenhove Dries,848784339483721728,2021-02-22 18:41:45,1363921939732041728,334,Vlaams Belang,112,Kan je het je al inbeelden in mijn geval?“@vrtnws: Volg LIVE: Federaal Parlementslid Dries Van Langenhove (Vlaams Belang fractie) geeft toelichting over de tenlastelegging van het Parket”Nee? Ik ook niet 😂 https://t.co/xjVaxuzq3h
France,Front national,LOUIS ALIOT,316956459,2021-08-09 13:55:07,1424730967562985477,159,Front National,610,"L’indignité @GDarmanin c’est être le ministre de l’intérieur qui passe son temps à se déplacer pour aller constater les horreurs que sa politique autorisePassez un peu moins de temps à persécuter les français avec #PassSanitaire et faites votre boulot, protégez les des criminels https://t.co/piNCvCdkDw"
Belgium,Open Vlaamse Liberalen en Democraten,HILDE VAUTMANS,700605423,2020-03-11 15:08:28,1237757287881719808,337,Open Vlaamse Liberalen en Democraten,107,"Live from the #EKF2020 webinar @hildevautmans: The action plan on Organ Donation and Transplantation was a tremendous success. We must act now and launch a new, improved EU action on #OrganDonation and #Transplantation: what are we waiting for! pic.twitter.com/VOkkebmyg4"
Poland,Polish People's Party,jan łopata,928228270759403520,2020-10-14 10:34:43,1316326564821377026,484,Polish People's Party,2606,Polska odpowiedz na szalejącą pandemię: więcej masztów z białoczerwoną. A Pan Pilot do tego samolotu nigdy nie wsiadał ?
Netherlands,50PLUS,corrie van brenk,62490348,2020-12-07 13:50:15,1335944715217276931,72,50PLUS,1020,50PLUS voorstander strafbaarstelling leeftijdsdiscriminatie  https://t.co/1aQc2EsmXu
Latvia,Social Democratic Party “Concord”,Andrejs Klementjevs,242645972,2020-07-13 18:07:29,1282738433690161152,81,Harmony,2410,"Partiju reitingi Rīgā: Lielākais kāpums @AttistibaiPar un @progresivie sarakstam, kritums - @konservativie.  https://t.co/okFQsrs5eU pic.twitter.com/lQTvGy5Hqf"
Italy,MOVIMENTO 5 STELLE,DE CARLO Sabrina,454941977,2020-06-12 17:51:03,1271500276353118209,105,MOVIMENTO 5 STELLE,845,"Sulla drammatica vicenda delle zone rosse ad Alzano e Nembro, il capo dei leghisti si sta profondendo in una vera e propria campagna di depistaggio mediatico. Speculazione senza rispetto nè per i cittadini nè per le istituzioni. Nessuna vergogna, al peggio non c'è mai fine."
France,Europe Écologie,YANNICK JADOT,117761523,2020-10-11 06:29:22,1315177655084478465,330,Europe Écologie,605,"Demain, ns manifesterons avec le collectif Bassines non merci, ainsi que @yjadot, @josebove, @ConfPaysanne, @PrudhommeLoic, @JLMelenchon & @PhilippePoutou à Epannes. Ces projets de stockage de l'eau, conçus comme ils le sont, menacent la ressource en eau & les milieux aquatiques. pic.twitter.com/LmTaAFuKik"
Netherlands,Socialist Party,peter kwint,239853793,2020-10-02 18:56:54,1312104285736325120,69,Socialist Party,1014,Het doet echt fysiek pijn om Scooter reclame te zien maken voor die budget website hoster.
Netherlands,CU,Gert-Jan  Segers,119136331,2021-07-23 11:23:38,1418532250594037764,73,Christian Union,1016,"Not batting an eye? Hij heeft zich aan een kruis laten spijkeren voor de hele mensheid..Als je het evangelie gelooft, betekent het niet dat je alles snápt van God, maar wel dat je Degene die zich liet kruisigen vertrouwt."
France,Indépendant,Gilles BOYER,102948151,2021-06-13 13:52:59,1404074322654867457,538,Indépendant,617,pic.twitter.com/ssd6I6DNCp
Slovenia,Slovenska ljudska stranka,FRANC BOGOVIC,2803444640,2020-03-04 01:02:59,1235007799396118530,333,Slovenska ljudska stranka,2919,"@JJansaSDS ,iskrene čestitke za izvolitev. Skupaj izgradimo novo upanje in zaupanje v sodelovanje vseh, ki so pripravljeni delovati v korist Slovenije. @strankaSLS, @strankaSDS @STA_novice @CasopisSlovenec, @Nova24TV"
Poland,United Left,Gosek-Popiołek Daria,917055074119057409,2021-08-19 13:18:00,1428345503335464961,575,United Left,2601,"Ale ich życiu towarzyszy lęk. Że ktoś na ulicy ich zaczepi. Obrazi. Uderzy. Wyzwie. A takie uchwały umacniają to poczucie lęku. Wzmacniają agresję, uzasadniają ją. Ta uchwała przyczynia się do wielu aktów agresji. Musicie panie i panowie zdać z sobie tego sprawę."
Italy,MISTO,gianfranco librandi,1074223417,2020-04-30 07:08:46,1255755959156248579,108,PARTITO DEMOCRATICO,802,"#Salvini patetico leader in difficoltà occupa il Parlamento.  Rimborsi agli italiani le relative spese, i costi dei funzionari, le spese per  la luce e il mantenimento sicurezza. Se lavorasse in un’ azienda , dovrebbe essere licenziato per giusta causa. Che qualcuno lo faccia"
Sweden,SweDem,"Bieler, Paula ",542170497,2020-11-20 08:12:53,1329699221923115009,37,SweDem,1610,Vem har påstått att det är värdelöst? Det relevanta är vilket skydd som uppnås vid vilken användning och under vilka omständigheter.
Poland,Civic Platform,borys budka,118739645,2020-11-08 16:32:59,1325476419573571584,482,Civic Platform,2603,Brak słów. PiS w pigułce https://t.co/9czzypjEYM
France,Debout la France,Nicolas Dupont-Aignan,38170599,2021-03-20 11:06:48,1373229532799467520,161,Debout la France,628,"Après les coiffeurs qui ont fait céder le Gouvernement, au tour des fleuristes, chocolatiers, garages, de déjouer cette dérive bureaucratique complètement folle. Aux autres « non-essentiels » de suivre : restons ouverts !"
Poland,Civic Coalition,Gramatyka Michał,321603527,2020-10-24 12:32:26,1319980064780570625,574,Civic Coalition,2603,#DbamOSiebieDbamOCiebie 💛💙@Platforma_org @NewsPlatforma pic.twitter.com/zzOR0EOs7a
Belgium,Vlaams Belang,Van Grieken Tom,145611608,2021-03-12 18:10:38,1370437091788791809,334,Vlaams Belang,112,"Het @vlbelang zou de grootste partij van Vlaanderen worden en dat voor de 7e keer op rij in de @HLN_BE peiling. Bedankt voor dat vertrouwen, maar voetjes op de grond. Blijven werken. Samen zorgen we voor échte verandering! pic.twitter.com/CHAHpUD24m"
Austria,The New Austria and Liberal Forum ,Shetty Yannick,1286517246,2021-04-14 12:47:43,1382314623471345667,480,The New Austria and Liberal Forum ,1306,"BM Raab bittet heute im Ausschuss eindringlich, dass aufgrund ihrer Schwangerschaft alle Abgeordneten Masken tragen. 100% Unterstützung! Weiter: Sie fordert mehr ""Menschlichkeit und Anstand"" in der Politik. Diese Argumentation ist angesichts der ÖVP-Politik zynisch&doppelbödig!"
Denmark,Enhedslisten,Nikolaj VILLUMSEN,35877137,2020-11-05 14:16:42,1324354961577304065,409,The Red-Green Alliance,213,"EP og Rådets aftale om en #RuleOfLaw mekanisme er godt nyt, men spørgsmålet er hvor bredt den reelt dækker. Og om det vil lykkedes Polen og Ungarn at blokere forslaget inden det bliver endeligt vedtaget. Demokrati og menneskeret må og skal beskyttes! https://t.co/PxJYyDWVZ4 #eudk"
Slovenia,Socialni demokrati,Milan BRGLEZ,1168120004300222464,2020-07-04 05:58:31,1279293492766932994,381,Socialni demokrati,2903,Je to mogoče?! https://t.co/Lhdhjejajh
Belgium,Vlaams Belang,GEROLF ANNEMANS,145252665,2021-04-08 07:09:59,1380055303283163137,334,Vlaams Belang,112,Zonder woorden https://t.co/nk2XYJ455a
France,Debout la France,Nicolas Dupont-Aignan,38170599,2020-11-15 09:58:17,1327913805804875776,161,Debout la France,628,"Un nouveau crime sauvage contre des personnes innocentes en pleine rue, dont un couple de 81 et 83 ans à Cholet. Toutes mes pensées vont aux victimes et à leurs proches. Restaurer enfin l’ordre, c’est d’abord protéger les plus fragiles ! https://t.co/moNahj9IZF"
Slovenia,Slovenian National Party Deputy Group,Jelinčič Plemeniti Zmago ,812216904333099008,2021-06-15 15:42:43,1404826713171890179,35,Slovenian National Party Deputy Group,2907,"Vsak Slovenec mora imeti pravico, da ima orožje in z njim brani sebe in svoje!"
France,Parti Socialiste,Valérie Rabault,443129202,2020-09-27 21:27:48,1310330323608182784,162,Parti Socialiste,602,🗳️ #Senatoriales2020 Félicitations à @MACarlotti élue sénatrice - @senateursPS pic.twitter.com/usp2lYpNGp
United Kingdom,Scottish National Party,Christian ALLARD,932563111,2020-06-05 13:22:57,1268896089085751297,178,Scottish National Party,1105,"You’re getting direct representation from SNP MPs who help you if and when you are affected by Westminster reserved legislation.Regarding independence, they have a crucial role to play to make friends and to prepare the transition to full sovereignty."
Netherlands,Labour Party,lodewijk asscher,49442623,2021-01-06 08:56:29,1346742422110416902,64,Labour Party,1002,Groundhog day https://t.co/PtEWRK8JEd
Greece,MeRa25,Bakadima Foteini,350800867,2021-05-14 05:22:22,1393074186944487424,569,MeRa25,417,"Κ@Vkikilias,ως γονείς καρδιοπαθών παιδιών,χωρίς κομματ.σκοπιμότητες,να είστε βέβαιος πως θα΄μασταν οι πρώτοι που θα δίναμε εύσημα,αν τα γεγονότα αποτύπωναν την αλήθεια.Όμως,στο #ΠαιδωνΑγιαΣοφια όχι μόνο δεν έχουμε δημιουργία προς όφελος των μη εχόντων,αλλ΄ούτε τα επίπεδα του2010! https://t.co/7MIWZE4cMx"
Denmark,Nye Borgerlige,Pernille Vermund,24687777,2020-01-24 19:21:32,1220788745848414208,507,Nye Borgerlige,220,"‘Det er ikke OK at høste offentlig forsørgelse her, hvis man ikke har været med til at bidrage til værdiskabelsen i samfundet’.Man skal yde, før man kan nyde. Og sådan er det. #dkpol pic.twitter.com/Yi3zJDP8ov"
Poland,Wiosna,Łukasz KOHUT,426773410,2020-12-09 14:28:14,1336679051432505349,549,Wiosna,2621,Dziś mówiłem o tym na KSUE zdalnie w @KancelariaSejmu. Czekam na odpowiedź z KE. Pozdrowienia!
Belgium,Christen-Democratisch & Vlaams,Muylle Nathalie,140510920,2021-05-28 07:08:22,1398174291640864771,345,Christen-Democratisch & Vlaams,109,"Diepgaand, inhoudelijk interview met @PaulCobbaert in @Kweeet.@CDenV_Kamer https://t.co/yQtO4TZwBx"
Latvia,Harmony,andrejs klementjevs,242645972,2021-01-22 18:43:35,1352688375761936385,81,Harmony,2410,"Ministru prezidents @krisjaniskarins norāda, ka ir nepieciešams gūt pārliecību, ka līdz šim īstenotie pasākumi #COVID19 izplatības ierobežošanai sociālās aprūpes un rehabilitācijas institūcijās ir bijuši situācijai atbilstoši, savlaicīgi un efektīvi. ☝️https://t.co/uywULxkpmz"
France,Mouvement Démocrate,Nadia Essayan,531618516,2021-05-12 08:34:57,1392397875750096899,152,Mouvement Démocrate,613,"Merci @savoie_news pour ce reportage sur la mission ""plantes invasives"" accueillie hier à @Univ_Savoie @edytem_fr en présence de la Députée @NadiaEssayan co-rapporteure de la mission parlementaire @AN_DevDur @Ecologie_Gouv @sup_recherche https://t.co/dIwPs0tzS9"
Germany,AfD,Berengar Elsner von Gronow,4429947807,2020-10-08 09:58:36,1314143147354714112,427,AfD,310,"""(...) die bereit sind, für die Verwirklichung und Sicherung von #Recht und #Freiheit des Geringsten auch im Alltag alles zu wagen.“ (...)Für unsere freiheitliche Ordnung müssen heute alle klarsichtigen Deutschen eintreten! #AfD https://t.co/2Br1RnU0Nw https://t.co/hULFqehrZV"
United Kingdom,The Brexit Party,Claire FOX,278656915,2020-05-21 19:36:20,1263554237604270084,511,The Brexit Party,1110,"Cheers. And yes, that chat has been brilliant."
Germany,SPD,florian post,741532130,2021-05-12 07:21:55,1392379494539874304,421,SPD,302,Dass Dich das Intellektuell überfordert ist wahrlich nicht überraschend
Italy,FORZA ITALIA - BERLUSCONI PRESIDENTE,LABRIOLA Vincenza,4218365097,2021-07-10 18:17:55,1413925467648839680,107,FORZA ITALIA - BERLUSCONI PRESIDENTE,815,✅ + 60 milioni destinati al #wedding #intrattenimento e #HORECAGrazie a @forza_italia Il nostro lavoro al Governo dalla parte degli italiani 😊 pic.twitter.com/9ebpybsBY1
Latvia,"National Alliance \All For Latvia!\"" – \""For Fatherland and Freedom/LNNK\""""",aleksandrs kiršteins,42878084,2020-01-08 22:11:18,1215033261895933953,79,"National Alliance ""All For Latvia!"""" – """"For Fatherland and Freedom/LNNK""""""",2406,"Vai kādam bija šaubas par šo kantori? Kapēc vēl nepasūdzēties ukrainiski? Vai tapēc, ka tur ,,nacisti”? https://t.co/cq16TbqafF"
Netherlands,Party for Freedom,alexander kops,2628343487,2021-03-15 10:21:00,1371406068866244611,62,Party for Freedom,1017,De stembussen zijn geopend.Drie dagen lang. Ga stemmen en zet Nederlanders weer op 1: #StemPVV! pic.twitter.com/GyJzuIIMLK
