country_code,party,party_official,ches_party_id,was,tweets
dk,The Liberal Party,The Liberal Party,211,202,2
es,MÁS PAÍS-EQUO,UP,525,523,1
es,Partit dels Socialistes de Catalunya,Partit dels Socialistes de Catalunya,501,519,4
es,UP,UP,525,523,9
gr,Independent,Independent,417,412,2
gr,MeRa25,Independent,417,412,2
gr,The Greek Solution,The Greek Solution,416,412,2
pl,Civic Coalition,Civic Coalition,2603,2619,8
pl,Kukiz15,Kukiz15,2617,2606,1
pl,Polish People's Party-Kukiz15,Kukiz15,2617,2606,1
pl,United Left,United Left,2601,2620,22
se,Cen,Cen,1603,1602,2
se,Mod,Mod,1605,1602,17
it,PARTITO DEMOCRATICO,PARTITO DEMOCRATICO,837,802
it,FORZA ITALIA - IL POPOLO DELLA LIBERTA - BERLUSCONI PRESIDENTE,Partito Democratico,815,802
si,Slovenska ljudska stranka,Slovenska ljudska stranka,2919,2904