condition,target_party,retrieved_party,proportion
bge/hyde,SPD,SPD,0.3079
bge/hyde,SPD,CDU/CSU,0.3476
bge/hyde,SPD,AfD,0.0461
bge/hyde,SPD,FDP,0.0806
bge/hyde,SPD,Greens,0.1504
bge/hyde,SPD,Left,0.0639
bge/hyde,SPD,Other,0.0035
bge/hyde,CDU/CSU,SPD,0.26
bge/hyde,CDU/CSU,CDU/CSU,0.3514
bge/hyde,CDU/CSU,AfD,0.07
bge/hyde,CDU/CSU,FDP,0.1371
bge/hyde,CDU/CSU,Greens,0.1343
bge/hyde,CDU/CSU,Left,0.04
bge/hyde,CDU/CSU,Other,0.0071
bge/hyde,AfD,SPD,0.169
bge/hyde,AfD,CDU/CSU,0.2079
bge/hyde,AfD,AfD,0.303
bge/hyde,AfD,FDP,0.0964
bge/hyde,AfD,Greens,0.095
bge/hyde,AfD,Left,0.1063
bge/hyde,AfD,Other,0.0224
bge/hyde,FDP,SPD,0.2805
bge/hyde,FDP,CDU/CSU,0.2701
bge/hyde,FDP,AfD,0.074
bge/hyde,FDP,FDP,0.1494
bge/hyde,FDP,Greens,0.1416
bge/hyde,FDP,Left,0.0766
bge/hyde,FDP,Other,0.0078
bge/hyde,Greens,SPD,0.2787
bge/hyde,Greens,CDU/CSU,0.2326
bge/hyde,Greens,AfD,0.0647
bge/hyde,Greens,FDP,0.1127
bge/hyde,Greens,Greens,0.2149
bge/hyde,Greens,Left,0.0897
bge/hyde,Greens,Other,0.0067
bge/hyde,Left,SPD,0.163
bge/hyde,Left,CDU/CSU,0.1403
bge/hyde,Left,AfD,0.1361
bge/hyde,Left,FDP,0.079
bge/hyde,Left,Greens,0.1462
bge/hyde,Left,Left,0.3231
bge/hyde,Left,Other,0.0122
bge/hyde_hybrid,SPD,SPD,0.3121
bge/hyde_hybrid,SPD,CDU/CSU,0.3475
bge/hyde_hybrid,SPD,AfD,0.0427
bge/hyde_hybrid,SPD,FDP,0.0851
bge/hyde_hybrid,SPD,Greens,0.1527
bge/hyde_hybrid,SPD,Left,0.0587
bge/hyde_hybrid,SPD,Other,0.0012
bge/hyde_hybrid,CDU/CSU,SPD,0.2928
bge/hyde_hybrid,CDU/CSU,CDU/CSU,0.3556
bge/hyde_hybrid,CDU/CSU,AfD,0.0614
bge/hyde_hybrid,CDU/CSU,FDP,0.1203
bge/hyde_hybrid,CDU/CSU,Greens,0.1163
bge/hyde_hybrid,CDU/CSU,Left,0.0458
bge/hyde_hybrid,CDU/CSU,Other,0.0078
bge/hyde_hybrid,AfD,SPD,0.1865
bge/hyde_hybrid,AfD,CDU/CSU,0.2246
bge/hyde_hybrid,AfD,AfD,0.2819
bge/hyde_hybrid,AfD,FDP,0.0918
bge/hyde_hybrid,AfD,Greens,0.114
bge/hyde_hybrid,AfD,Left,0.0877
bge/hyde_hybrid,AfD,Other,0.0135
bge/hyde_hybrid,FDP,SPD,0.2782
bge/hyde_hybrid,FDP,CDU/CSU,0.2701
bge/hyde_hybrid,FDP,AfD,0.0897
bge/hyde_hybrid,FDP,FDP,0.1494
bge/hyde_hybrid,FDP,Greens,0.1356
bge/hyde_hybrid,FDP,Left,0.0713
bge/hyde_hybrid,FDP,Other,0.0057
bge/hyde_hybrid,Greens,SPD,0.2615
bge/hyde_hybrid,Greens,CDU/CSU,0.2359
bge/hyde_hybrid,Greens,AfD,0.0624
bge/hyde_hybrid,Greens,FDP,0.1128
bge/hyde_hybrid,Greens,Greens,0.2338
bge/hyde_hybrid,Greens,Left,0.0821
bge/hyde_hybrid,Greens,Other,0.0115
bge/hyde_hybrid,Left,SPD,0.1799
bge/hyde_hybrid,Left,CDU/CSU,0.1393
bge/hyde_hybrid,Left,AfD,0.1181
bge/hyde_hybrid,Left,FDP,0.0842
bge/hyde_hybrid,Left,Greens,0.1389
bge/hyde_hybrid,Left,Left,0.3289
bge/hyde_hybrid,Left,Other,0.0108
bge/simple,SPD,SPD,0.3091
bge/simple,SPD,CDU/CSU,0.365
bge/simple,SPD,AfD,0.071
bge/simple,SPD,FDP,0.0737
bge/simple,SPD,Greens,0.1121
bge/simple,SPD,Left,0.0645
bge/simple,SPD,Other,0.0046
bge/simple,CDU/CSU,SPD,0.2275
bge/simple,CDU/CSU,CDU/CSU,0.3176
bge/simple,CDU/CSU,AfD,0.1059
bge/simple,CDU/CSU,FDP,0.1373
bge/simple,CDU/CSU,Greens,0.1529
bge/simple,CDU/CSU,Left,0.0431
bge/simple,CDU/CSU,Other,0.0157
bge/simple,AfD,SPD,0.1614
bge/simple,AfD,CDU/CSU,0.1842
bge/simple,AfD,AfD,0.3708
bge/simple,AfD,FDP,0.0807
bge/simple,AfD,Greens,0.0632
bge/simple,AfD,Left,0.1205
bge/simple,AfD,Other,0.0193
bge/simple,FDP,SPD,0.2448
bge/simple,FDP,CDU/CSU,0.2759
bge/simple,FDP,AfD,0.1069
bge/simple,FDP,FDP,0.1276
bge/simple,FDP,Greens,0.1483
bge/simple,FDP,Left,0.0931
bge/simple,FDP,Other,0.0034
bge/simple,Greens,SPD,0.265
bge/simple,Greens,CDU/CSU,0.2107
bge/simple,Greens,AfD,0.0645
bge/simple,Greens,FDP,0.1218
bge/simple,Greens,Greens,0.2308
bge/simple,Greens,Left,0.0983
bge/simple,Greens,Other,0.009
bge/simple,Left,SPD,0.1799
bge/simple,Left,CDU/CSU,0.13
bge/simple,Left,AfD,0.1315
bge/simple,Left,FDP,0.0704
bge/simple,Left,Greens,0.1441
bge/simple,Left,Left,0.3307
bge/simple,Left,Other,0.0134
bge/simple_hybrid,SPD,SPD,0.3029
bge/simple_hybrid,SPD,CDU/CSU,0.325
bge/simple_hybrid,SPD,AfD,0.0851
bge/simple_hybrid,SPD,FDP,0.079
bge/simple_hybrid,SPD,Greens,0.1318
bge/simple_hybrid,SPD,Left,0.0719
bge/simple_hybrid,SPD,Other,0.0043
bge/simple_hybrid,CDU/CSU,SPD,0.2366
bge/simple_hybrid,CDU/CSU,CDU/CSU,0.2993
bge/simple_hybrid,CDU/CSU,AfD,0.1464
bge/simple_hybrid,CDU/CSU,FDP,0.1072
bge/simple_hybrid,CDU/CSU,Greens,0.1255
bge/simple_hybrid,CDU/CSU,Left,0.0497
bge/simple_hybrid,CDU/CSU,Other,0.0353
bge/simple_hybrid,AfD,SPD,0.1374
bge/simple_hybrid,AfD,CDU/CSU,0.1895
bge/simple_hybrid,AfD,AfD,0.3865
bge/simple_hybrid,AfD,FDP,0.0819
bge/simple_hybrid,AfD,Greens,0.0877
bge/simple_hybrid,AfD,Left,0.1012
bge/simple_hybrid,AfD,Other,0.0158
bge/simple_hybrid,FDP,SPD,0.2276
bge/simple_hybrid,FDP,CDU/CSU,0.2529
bge/simple_hybrid,FDP,AfD,0.108
bge/simple_hybrid,FDP,FDP,0.1575
bge/simple_hybrid,FDP,Greens,0.1609
bge/simple_hybrid,FDP,Left,0.0862
bge/simple_hybrid,FDP,Other,0.0069
bge/simple_hybrid,Greens,SPD,0.2372
bge/simple_hybrid,Greens,CDU/CSU,0.2312
bge/simple_hybrid,Greens,AfD,0.0868
bge/simple_hybrid,Greens,FDP,0.1179
bge/simple_hybrid,Greens,Greens,0.2094
bge/simple_hybrid,Greens,Left,0.1085
bge/simple_hybrid,Greens,Other,0.009
bge/simple_hybrid,Left,SPD,0.1926
bge/simple_hybrid,Left,CDU/CSU,0.1307
bge/simple_hybrid,Left,AfD,0.1393
bge/simple_hybrid,Left,FDP,0.0693
bge/simple_hybrid,Left,Greens,0.1374
bge/simple_hybrid,Left,Left,0.3147
bge/simple_hybrid,Left,Other,0.016
bge/twostage,SPD,SPD,0.2983
bge/twostage,SPD,CDU/CSU,0.3633
bge/twostage,SPD,AfD,0.063
bge/twostage,SPD,FDP,0.0761
bge/twostage,SPD,Greens,0.1316
bge/twostage,SPD,Left,0.066
bge/twostage,SPD,Other,0.0017
bge/twostage,CDU/CSU,SPD,0.2183
bge/twostage,CDU/CSU,CDU/CSU,0.3521
bge/twostage,CDU/CSU,AfD,0.0901
bge/twostage,CDU/CSU,FDP,0.1155
bge/twostage,CDU/CSU,Greens,0.1606
bge/twostage,CDU/CSU,Left,0.0437
bge/twostage,CDU/CSU,Other,0.0197
bge/twostage,AfD,SPD,0.1605
bge/twostage,AfD,CDU/CSU,0.1643
bge/twostage,AfD,AfD,0.3674
bge/twostage,AfD,FDP,0.0903
bge/twostage,AfD,Greens,0.0884
bge/twostage,AfD,Left,0.1078
bge/twostage,AfD,Other,0.0213
bge/twostage,FDP,SPD,0.2446
bge/twostage,FDP,CDU/CSU,0.279
bge/twostage,FDP,AfD,0.1121
bge/twostage,FDP,FDP,0.1834
bge/twostage,FDP,Greens,0.1083
bge/twostage,FDP,Left,0.0624
bge/twostage,FDP,Other,0.0102
bge/twostage,Greens,SPD,0.252
bge/twostage,Greens,CDU/CSU,0.2314
bge/twostage,Greens,AfD,0.066
bge/twostage,Greens,FDP,0.1143
bge/twostage,Greens,Greens,0.2131
bge/twostage,Greens,Left,0.1105
bge/twostage,Greens,Other,0.0126
bge/twostage,Left,SPD,0.1841
bge/twostage,Left,CDU/CSU,0.1377
bge/twostage,Left,AfD,0.1316
bge/twostage,Left,FDP,0.0733
bge/twostage,Left,Greens,0.1462
bge/twostage,Left,Left,0.3132
bge/twostage,Left,Other,0.0138
bge/twostage_hybrid,SPD,SPD,0.2868
bge/twostage_hybrid,SPD,CDU/CSU,0.3395
bge/twostage_hybrid,SPD,AfD,0.0975
bge/twostage_hybrid,SPD,FDP,0.0725
bge/twostage_hybrid,SPD,Greens,0.1344
bge/twostage_hybrid,SPD,Left,0.0647
bge/twostage_hybrid,SPD,Other,0.0046
bge/twostage_hybrid,CDU/CSU,SPD,0.2608
bge/twostage_hybrid,CDU/CSU,CDU/CSU,0.3314
bge/twostage_hybrid,CDU/CSU,AfD,0.1118
bge/twostage_hybrid,CDU/CSU,FDP,0.1157
bge/twostage_hybrid,CDU/CSU,Greens,0.1137
bge/twostage_hybrid,CDU/CSU,Left,0.0549
bge/twostage_hybrid,CDU/CSU,Other,0.0118
bge/twostage_hybrid,AfD,SPD,0.1632
bge/twostage_hybrid,AfD,CDU/CSU,0.1675
bge/twostage_hybrid,AfD,AfD,0.3693
bge/twostage_hybrid,AfD,FDP,0.1053
bge/twostage_hybrid,AfD,Greens,0.0728
bge/twostage_hybrid,AfD,Left,0.0956
bge/twostage_hybrid,AfD,Other,0.0263
bge/twostage_hybrid,FDP,SPD,0.2328
bge/twostage_hybrid,FDP,CDU/CSU,0.2931
bge/twostage_hybrid,FDP,AfD,0.1138
bge/twostage_hybrid,FDP,FDP,0.1621
bge/twostage_hybrid,FDP,Greens,0.1224
bge/twostage_hybrid,FDP,Left,0.069
bge/twostage_hybrid,FDP,Other,0.0069
bge/twostage_hybrid,Greens,SPD,0.2256
bge/twostage_hybrid,Greens,CDU/CSU,0.2397
bge/twostage_hybrid,Greens,AfD,0.0788
bge/twostage_hybrid,Greens,FDP,0.1199
bge/twostage_hybrid,Greens,Greens,0.2096
bge/twostage_hybrid,Greens,Left,0.116
bge/twostage_hybrid,Greens,Other,0.0103
bge/twostage_hybrid,Left,SPD,0.1698
bge/twostage_hybrid,Left,CDU/CSU,0.1385
bge/twostage_hybrid,Left,AfD,0.1542
bge/twostage_hybrid,Left,FDP,0.0788
bge/twostage_hybrid,Left,Greens,0.1547
bge/twostage_hybrid,Left,Left,0.2872
bge/twostage_hybrid,Left,Other,0.0168
e5/hyde,SPD,SPD,0.3406
e5/hyde,SPD,CDU/CSU,0.209
e5/hyde,SPD,AfD,0.038
e5/hyde,SPD,FDP,0.1021
e5/hyde,SPD,Greens,0.2253
e5/hyde,SPD,Left,0.079
e5/hyde,SPD,Other,0.006
e5/hyde,CDU/CSU,SPD,0.3167
e5/hyde,CDU/CSU,CDU/CSU,0.298
e5/hyde,CDU/CSU,AfD,0.0471
e5/hyde,CDU/CSU,FDP,0.1363
e5/hyde,CDU/CSU,Greens,0.1667
e5/hyde,CDU/CSU,Left,0.0225
e5/hyde,CDU/CSU,Other,0.0127
e5/hyde,AfD,SPD,0.2004
e5/hyde,AfD,CDU/CSU,0.2754
e5/hyde,AfD,AfD,0.1917
e5/hyde,AfD,FDP,0.0838
e5/hyde,AfD,Greens,0.1373
e5/hyde,AfD,Left,0.0969
e5/hyde,AfD,Other,0.0145
e5/hyde,FDP,SPD,0.2948
e5/hyde,FDP,CDU/CSU,0.2328
e5/hyde,FDP,AfD,0.0362
e5/hyde,FDP,FDP,0.1784
e5/hyde,FDP,Greens,0.1888
e5/hyde,FDP,Left,0.0621
e5/hyde,FDP,Other,0.0069
e5/hyde,Greens,SPD,0.2647
e5/hyde,Greens,CDU/CSU,0.2676
e5/hyde,Greens,AfD,0.0321
e5/hyde,Greens,FDP,0.1147
e5/hyde,Greens,Greens,0.2212
e5/hyde,Greens,Left,0.0946
e5/hyde,Greens,Other,0.0051
e5/hyde,Left,SPD,0.1832
e5/hyde,Left,CDU/CSU,0.1603
e5/hyde,Left,AfD,0.0768
e5/hyde,Left,FDP,0.0964
e5/hyde,Left,Greens,0.1771
e5/hyde,Left,Left,0.2916
e5/hyde,Left,Other,0.0145
e5/simple,SPD,SPD,0.3124
e5/simple,SPD,CDU/CSU,0.2359
e5/simple,SPD,AfD,0.0682
e5/simple,SPD,FDP,0.106
e5/simple,SPD,Greens,0.1963
e5/simple,SPD,Left,0.0747
e5/simple,SPD,Other,0.0065
e5/simple,CDU/CSU,SPD,0.2863
e5/simple,CDU/CSU,CDU/CSU,0.2863
e5/simple,CDU/CSU,AfD,0.0627
e5/simple,CDU/CSU,FDP,0.1569
e5/simple,CDU/CSU,Greens,0.1608
e5/simple,CDU/CSU,Left,0.0314
e5/simple,CDU/CSU,Other,0.0157
e5/simple,AfD,SPD,0.1526
e5/simple,AfD,CDU/CSU,0.1965
e5/simple,AfD,AfD,0.3509
e5/simple,AfD,FDP,0.0754
e5/simple,AfD,Greens,0.1158
e5/simple,AfD,Left,0.0982
e5/simple,AfD,Other,0.0105
e5/simple,FDP,SPD,0.2517
e5/simple,FDP,CDU/CSU,0.2448
e5/simple,FDP,AfD,0.0621
e5/simple,FDP,FDP,0.1966
e5/simple,FDP,Greens,0.1552
e5/simple,FDP,Left,0.0897
e5/simple,FDP,Other,0.0
e5/simple,Greens,SPD,0.2385
e5/simple,Greens,CDU/CSU,0.2295
e5/simple,Greens,AfD,0.0449
e5/simple,Greens,FDP,0.141
e5/simple,Greens,Greens,0.2333
e5/simple,Greens,Left,0.1077
e5/simple,Greens,Other,0.0051
e5/simple,Left,SPD,0.1464
e5/simple,Left,CDU/CSU,0.1419
e5/simple,Left,AfD,0.1028
e5/simple,Left,FDP,0.0939
e5/simple,Left,Greens,0.1598
e5/simple,Left,Left,0.3385
e5/simple,Left,Other,0.0168
e5/twostage,SPD,SPD,0.3235
e5/twostage,SPD,CDU/CSU,0.2581
e5/twostage,SPD,AfD,0.0608
e5/twostage,SPD,FDP,0.1171
e5/twostage,SPD,Greens,0.188
e5/twostage,SPD,Left,0.0516
e5/twostage,SPD,Other,0.0009
e5/twostage,CDU/CSU,SPD,0.2706
e5/twostage,CDU/CSU,CDU/CSU,0.3373
e5/twostage,CDU/CSU,AfD,0.0314
e5/twostage,CDU/CSU,FDP,0.1294
e5/twostage,CDU/CSU,Greens,0.149
e5/twostage,CDU/CSU,Left,0.0549
e5/twostage,CDU/CSU,Other,0.0275
e5/twostage,AfD,SPD,0.1407
e5/twostage,AfD,CDU/CSU,0.2576
e5/twostage,AfD,AfD,0.3196
e5/twostage,AfD,FDP,0.091
e5/twostage,AfD,Greens,0.098
e5/twostage,AfD,Left,0.0879
e5/twostage,AfD,Other,0.0053
e5/twostage,FDP,SPD,0.2655
e5/twostage,FDP,CDU/CSU,0.2276
e5/twostage,FDP,AfD,0.0931
e5/twostage,FDP,FDP,0.2069
e5/twostage,FDP,Greens,0.131
e5/twostage,FDP,Left,0.0759
e5/twostage,FDP,Other,0.0
e5/twostage,Greens,SPD,0.2324
e5/twostage,Greens,CDU/CSU,0.2535
e5/twostage,Greens,AfD,0.0474
e5/twostage,Greens,FDP,0.1167
e5/twostage,Greens,Greens,0.25
e5/twostage,Greens,Left,0.0949
e5/twostage,Greens,Other,0.0051
e5/twostage,Left,SPD,0.1676
e5/twostage,Left,CDU/CSU,0.1531
e5/twostage,Left,AfD,0.0883
e5/twostage,Left,FDP,0.1006
e5/twostage,Left,Greens,0.1497
e5/twostage,Left,Left,0.3251
e5/twostage,Left,Other,0.0156
jina/hyde,SPD,SPD,0.2439
jina/hyde,SPD,CDU/CSU,0.4107
jina/hyde,SPD,AfD,0.1029
jina/hyde,SPD,FDP,0.0722
jina/hyde,SPD,Greens,0.1073
jina/hyde,SPD,Left,0.058
jina/hyde,SPD,Other,0.0049
jina/hyde,CDU/CSU,SPD,0.2167
jina/hyde,CDU/CSU,CDU/CSU,0.3074
jina/hyde,CDU/CSU,AfD,0.1389
jina/hyde,CDU/CSU,FDP,0.1
jina/hyde,CDU/CSU,Greens,0.137
jina/hyde,CDU/CSU,Left,0.0704
jina/hyde,CDU/CSU,Other,0.0296
jina/hyde,AfD,SPD,0.133
jina/hyde,AfD,CDU/CSU,0.1403
jina/hyde,AfD,AfD,0.4118
jina/hyde,AfD,FDP,0.0742
jina/hyde,AfD,Greens,0.1113
jina/hyde,AfD,Left,0.0968
jina/hyde,AfD,Other,0.0326
jina/hyde,FDP,SPD,0.2496
jina/hyde,FDP,CDU/CSU,0.2564
jina/hyde,FDP,AfD,0.1402
jina/hyde,FDP,FDP,0.1368
jina/hyde,FDP,Greens,0.1231
jina/hyde,FDP,Left,0.0769
jina/hyde,FDP,Other,0.0171
jina/hyde,Greens,SPD,0.2551
jina/hyde,Greens,CDU/CSU,0.225
jina/hyde,Greens,AfD,0.0821
jina/hyde,Greens,FDP,0.0968
jina/hyde,Greens,Greens,0.2179
jina/hyde,Greens,Left,0.1077
jina/hyde,Greens,Other,0.0154
jina/hyde,Left,SPD,0.1507
jina/hyde,Left,CDU/CSU,0.1444
jina/hyde,Left,AfD,0.141
jina/hyde,Left,FDP,0.0739
jina/hyde,Left,Greens,0.1375
jina/hyde,Left,Left,0.3295
jina/hyde,Left,Other,0.0229
jina/simple,SPD,SPD,0.2501
jina/simple,SPD,CDU/CSU,0.4123
jina/simple,SPD,AfD,0.1041
jina/simple,SPD,FDP,0.071
jina/simple,SPD,Greens,0.0854
jina/simple,SPD,Left,0.0716
jina/simple,SPD,Other,0.0055
jina/simple,CDU/CSU,SPD,0.232
jina/simple,CDU/CSU,CDU/CSU,0.2867
jina/simple,CDU/CSU,AfD,0.132
jina/simple,CDU/CSU,FDP,0.1
jina/simple,CDU/CSU,Greens,0.136
jina/simple,CDU/CSU,Left,0.0813
jina/simple,CDU/CSU,Other,0.032
jina/simple,AfD,SPD,0.1257
jina/simple,AfD,CDU/CSU,0.1497
jina/simple,AfD,AfD,0.4421
jina/simple,AfD,FDP,0.0637
jina/simple,AfD,Greens,0.0965
jina/simple,AfD,Left,0.086
jina/simple,AfD,Other,0.0363
jina/simple,FDP,SPD,0.2149
jina/simple,FDP,CDU/CSU,0.2368
jina/simple,FDP,AfD,0.1575
jina/simple,FDP,FDP,0.1667
jina/simple,FDP,Greens,0.1172
jina/simple,FDP,Left,0.0931
jina/simple,FDP,Other,0.0138
jina/simple,Greens,SPD,0.2533
jina/simple,Greens,CDU/CSU,0.2189
jina/simple,Greens,AfD,0.089
jina/simple,Greens,FDP,0.0826
jina/simple,Greens,Greens,0.2331
jina/simple,Greens,Left,0.1123
jina/simple,Greens,Other,0.0108
jina/simple,Left,SPD,0.1449
jina/simple,Left,CDU/CSU,0.1497
jina/simple,Left,AfD,0.1501
jina/simple,Left,FDP,0.0749
jina/simple,Left,Greens,0.1449
jina/simple,Left,Left,0.3192
jina/simple,Left,Other,0.0164
jina/twostage,SPD,SPD,0.2806
jina/twostage,SPD,CDU/CSU,0.3945
jina/twostage,SPD,AfD,0.1009
jina/twostage,SPD,FDP,0.0793
jina/twostage,SPD,Greens,0.0954
jina/twostage,SPD,Left,0.0456
jina/twostage,SPD,Other,0.0037
jina/twostage,CDU/CSU,SPD,0.218
jina/twostage,CDU/CSU,CDU/CSU,0.352
jina/twostage,CDU/CSU,AfD,0.118
jina/twostage,CDU/CSU,FDP,0.126
jina/twostage,CDU/CSU,Greens,0.1
jina/twostage,CDU/CSU,Left,0.058
jina/twostage,CDU/CSU,Other,0.028
jina/twostage,AfD,SPD,0.1333
jina/twostage,AfD,CDU/CSU,0.1649
jina/twostage,AfD,AfD,0.4114
jina/twostage,AfD,FDP,0.0798
jina/twostage,AfD,Greens,0.0921
jina/twostage,AfD,Left,0.0921
jina/twostage,AfD,Other,0.0263
jina/twostage,FDP,SPD,0.2362
jina/twostage,FDP,CDU/CSU,0.2586
jina/twostage,FDP,AfD,0.1293
jina/twostage,FDP,FDP,0.1707
jina/twostage,FDP,Greens,0.1034
jina/twostage,FDP,Left,0.0845
jina/twostage,FDP,Other,0.0172
jina/twostage,Greens,SPD,0.2645
jina/twostage,Greens,CDU/CSU,0.2368
jina/twostage,Greens,AfD,0.0813
jina/twostage,Greens,FDP,0.0955
jina/twostage,Greens,Greens,0.2142
jina/twostage,Greens,Left,0.1006
jina/twostage,Greens,Other,0.0071
jina/twostage,Left,SPD,0.1804
jina/twostage,Left,CDU/CSU,0.162
jina/twostage,Left,AfD,0.1374
jina/twostage,Left,FDP,0.0659
jina/twostage,Left,Greens,0.1492
jina/twostage,Left,Left,0.2905
jina/twostage,Left,Other,0.0145
qwen3/hyde,SPD,SPD,0.3537
qwen3/hyde,SPD,CDU/CSU,0.3176
qwen3/hyde,SPD,AfD,0.0463
qwen3/hyde,SPD,FDP,0.0787
qwen3/hyde,SPD,Greens,0.1491
qwen3/hyde,SPD,Left,0.0528
qwen3/hyde,SPD,Other,0.0019
qwen3/hyde,CDU/CSU,SPD,0.2588
qwen3/hyde,CDU/CSU,CDU/CSU,0.3373
qwen3/hyde,CDU/CSU,AfD,0.0745
qwen3/hyde,CDU/CSU,FDP,0.1098
qwen3/hyde,CDU/CSU,Greens,0.1804
qwen3/hyde,CDU/CSU,Left,0.0314
qwen3/hyde,CDU/CSU,Other,0.0078
qwen3/hyde,AfD,SPD,0.1474
qwen3/hyde,AfD,CDU/CSU,0.2404
qwen3/hyde,AfD,AfD,0.3158
qwen3/hyde,AfD,FDP,0.0825
qwen3/hyde,AfD,Greens,0.1175
qwen3/hyde,AfD,Left,0.0772
qwen3/hyde,AfD,Other,0.0193
qwen3/hyde,FDP,SPD,0.2379
qwen3/hyde,FDP,CDU/CSU,0.2862
qwen3/hyde,FDP,AfD,0.0448
qwen3/hyde,FDP,FDP,0.2069
qwen3/hyde,FDP,Greens,0.1379
qwen3/hyde,FDP,Left,0.0724
qwen3/hyde,FDP,Other,0.0138
qwen3/hyde,Greens,SPD,0.2756
qwen3/hyde,Greens,CDU/CSU,0.2436
qwen3/hyde,Greens,AfD,0.0385
qwen3/hyde,Greens,FDP,0.1141
qwen3/hyde,Greens,Greens,0.2346
qwen3/hyde,Greens,Left,0.0833
qwen3/hyde,Greens,Other,0.0103
qwen3/hyde,Left,SPD,0.1866
qwen3/hyde,Left,CDU/CSU,0.1385
qwen3/hyde,Left,AfD,0.0994
qwen3/hyde,Left,FDP,0.0637
qwen3/hyde,Left,Greens,0.1542
qwen3/hyde,Left,Left,0.3408
qwen3/hyde,Left,Other,0.0168
qwen3/simple,SPD,SPD,0.3327
qwen3/simple,SPD,CDU/CSU,0.3207
qwen3/simple,SPD,AfD,0.0645
qwen3/simple,SPD,FDP,0.0765
qwen3/simple,SPD,Greens,0.1401
qwen3/simple,SPD,Left,0.0636
qwen3/simple,SPD,Other,0.0018
qwen3/simple,CDU/CSU,SPD,0.2118
qwen3/simple,CDU/CSU,CDU/CSU,0.3765
qwen3/simple,CDU/CSU,AfD,0.0863
qwen3/simple,CDU/CSU,FDP,0.1176
qwen3/simple,CDU/CSU,Greens,0.1529
qwen3/simple,CDU/CSU,Left,0.051
qwen3/simple,CDU/CSU,Other,0.0039
qwen3/simple,AfD,SPD,0.1105
qwen3/simple,AfD,CDU/CSU,0.2105
qwen3/simple,AfD,AfD,0.3877
qwen3/simple,AfD,FDP,0.0877
qwen3/simple,AfD,Greens,0.0982
qwen3/simple,AfD,Left,0.0895
qwen3/simple,AfD,Other,0.0158
qwen3/simple,FDP,SPD,0.2276
qwen3/simple,FDP,CDU/CSU,0.269
qwen3/simple,FDP,AfD,0.0828
qwen3/simple,FDP,FDP,0.2069
qwen3/simple,FDP,Greens,0.1103
qwen3/simple,FDP,Left,0.1
qwen3/simple,FDP,Other,0.0034
qwen3/simple,Greens,SPD,0.2679
qwen3/simple,Greens,CDU/CSU,0.1897
qwen3/simple,Greens,AfD,0.0513
qwen3/simple,Greens,FDP,0.1077
qwen3/simple,Greens,Greens,0.2782
qwen3/simple,Greens,Left,0.0949
qwen3/simple,Greens,Other,0.0103
qwen3/simple,Left,SPD,0.1374
qwen3/simple,Left,CDU/CSU,0.1307
qwen3/simple,Left,AfD,0.1084
qwen3/simple,Left,FDP,0.0659
qwen3/simple,Left,Greens,0.1497
qwen3/simple,Left,Left,0.3844
qwen3/simple,Left,Other,0.0235
qwen3/twostage,SPD,SPD,0.33
qwen3/twostage,SPD,CDU/CSU,0.3244
qwen3/twostage,SPD,AfD,0.0406
qwen3/twostage,SPD,FDP,0.0922
qwen3/twostage,SPD,Greens,0.1456
qwen3/twostage,SPD,Left,0.0636
qwen3/twostage,SPD,Other,0.0037
qwen3/twostage,CDU/CSU,SPD,0.2706
qwen3/twostage,CDU/CSU,CDU/CSU,0.3529
qwen3/twostage,CDU/CSU,AfD,0.0745
qwen3/twostage,CDU/CSU,FDP,0.1216
qwen3/twostage,CDU/CSU,Greens,0.1176
qwen3/twostage,CDU/CSU,Left,0.051
qwen3/twostage,CDU/CSU,Other,0.0118
qwen3/twostage,AfD,SPD,0.1333
qwen3/twostage,AfD,CDU/CSU,0.1965
qwen3/twostage,AfD,AfD,0.3544
qwen3/twostage,AfD,FDP,0.1088
qwen3/twostage,AfD,Greens,0.086
qwen3/twostage,AfD,Left,0.0982
qwen3/twostage,AfD,Other,0.0228
qwen3/twostage,FDP,SPD,0.2241
qwen3/twostage,FDP,CDU/CSU,0.2655
qwen3/twostage,FDP,AfD,0.1
qwen3/twostage,FDP,FDP,0.2172
qwen3/twostage,FDP,Greens,0.1172
qwen3/twostage,FDP,Left,0.0724
qwen3/twostage,FDP,Other,0.0034
qwen3/twostage,Greens,SPD,0.2526
qwen3/twostage,Greens,CDU/CSU,0.2321
qwen3/twostage,Greens,AfD,0.0615
qwen3/twostage,Greens,FDP,0.1359
qwen3/twostage,Greens,Greens,0.2231
qwen3/twostage,Greens,Left,0.0859
qwen3/twostage,Greens,Other,0.009
qwen3/twostage,Left,SPD,0.1542
qwen3/twostage,Left,CDU/CSU,0.1441
qwen3/twostage,Left,AfD,0.1229
qwen3/twostage,Left,FDP,0.0547
qwen3/twostage,Left,Greens,0.1508
qwen3/twostage,Left,Left,0.3609
qwen3/twostage,Left,Other,0.0123
