text_index,quadrant,ground_truth,base_prediction,rag_prediction,base_error,rag_error,error_reduction,directional_shift
29,Q1_RAG_Win,6.5,2.5,6.5,4.0,0.0,4.0,4.0
46,Q1_RAG_Win,4.7,2.5,4.5,2.2,0.2,2.0,2.0
59,Q1_RAG_Win,2.4,4.5,2.5,2.1,0.1,2.0,-2.0
80,Q1_RAG_Win,2.4,4.5,2.5,2.1,0.1,2.0,-2.0
96,Q1_RAG_Win,4.7,6.5,4.5,1.8,0.2,1.6,-2.0
103,Q1_RAG_Win,2.4,4.5,2.5,2.1,0.1,2.0,-2.0
113,Q1_RAG_Win,2.4,4.0,2.5,1.6,0.1,1.5,-1.5
148,Q1_RAG_Win,6.5,2.5,6.5,4.0,0.0,4.0,4.0
359,Q1_RAG_Win,4.3,5.5,4.5,1.2,0.2,1.0,-1.0
379,Q1_RAG_Win,4.3,2.5,4.5,1.8,0.2,1.6,2.0
382,Q1_RAG_Win,4.3,2.5,4.5,1.8,0.2,1.6,2.0
387,Q1_RAG_Win,4.3,5.5,4.5,1.2,0.2,1.0,-1.0
397,Q1_RAG_Win,4.3,2.5,4.5,1.8,0.2,1.6,2.0
398,Q1_RAG_Win,4.3,2.5,4.5,1.8,0.2,1.6,2.0
406,Q1_RAG_Win,4.3,2.5,4.5,1.8,0.2,1.6,2.0
409,Q1_RAG_Win,4.3,2.5,4.5,1.8,0.2,1.6,2.0
534,Q1_RAG_Win,1.3,2.5,1.5,1.2,0.2,1.0,-1.0
575,Q1_RAG_Win,1.3,2.5,1.5,1.2,0.2,1.0,-1.0
607,Q1_RAG_Win,2.7,4.5,2.5,1.8,0.2,1.6,-2.0
683,Q1_RAG_Win,2.7,4.0,2.5,1.3,0.2,1.1,-1.5
735,Q1_RAG_Win,2.7,4.5,2.5,1.8,0.2,1.6,-2.0
763,Q1_RAG_Win,2.7,4.0,2.5,1.3,0.2,1.1,-1.5
778,Q1_RAG_Win,2.7,4.5,2.5,1.8,0.2,1.6,-2.0
797,Q1_RAG_Win,2.7,4.5,2.5,1.8,0.2,1.6,-2.0
808,Q1_RAG_Win,2.7,4.0,2.5,1.3,0.2,1.1,-1.5
7,Q2_RAG_Distraction,2.4,2.5,4.5,0.1,2.1,-2.0,2.0
33,Q2_RAG_Distraction,6.5,6.5,2.5,0.0,4.0,-4.0,-4.0
60,Q2_RAG_Distraction,2.4,2.5,4.5,0.1,2.1,-2.0,2.0
65,Q2_RAG_Distraction,2.4,2.5,4.5,0.1,2.1,-2.0,2.0
81,Q2_RAG_Distraction,2.4,2.5,4.5,0.1,2.1,-2.0,2.0
86,Q2_RAG_Distraction,2.4,2.5,4.5,0.1,2.1,-2.0,2.0
102,Q2_RAG_Distraction,6.5,6.5,2.5,0.0,4.0,-4.0,-4.0
114,Q2_RAG_Distraction,6.5,6.5,1.5,0.0,5.0,-5.0,-5.0
115,Q2_RAG_Distraction,6.5,6.5,2.0,0.0,4.5,-4.5,-4.5
127,Q2_RAG_Distraction,6.5,6.5,2.0,0.0,4.5,-4.5,-4.5
134,Q2_RAG_Distraction,6.5,6.5,3.5,0.0,3.0,-3.0,-3.0
144,Q2_RAG_Distraction,6.5,6.5,4.5,0.0,2.0,-2.0,-2.0
153,Q2_RAG_Distraction,6.5,6.5,2.5,0.0,4.0,-4.0,-4.0
156,Q2_RAG_Distraction,6.5,6.5,2.0,0.0,4.5,-4.5,-4.5
176,Q2_RAG_Distraction,6.5,6.5,2.5,0.0,4.0,-4.0,-4.0
177,Q2_RAG_Distraction,6.5,6.5,2.5,0.0,4.0,-4.0,-4.0
178,Q2_RAG_Distraction,6.5,6.5,4.5,0.0,2.0,-2.0,-2.0
179,Q2_RAG_Distraction,6.5,6.5,2.0,0.0,4.5,-4.5,-4.5
183,Q2_RAG_Distraction,6.5,6.5,2.5,0.0,4.0,-4.0,-4.0
202,Q2_RAG_Distraction,6.5,6.5,2.0,0.0,4.5,-4.5,-4.5
236,Q2_RAG_Distraction,2.4,2.5,4.5,0.1,2.1,-2.0,2.0
313,Q2_RAG_Distraction,2.4,2.5,3.5,0.1,1.1,-1.0,1.0
652,Q2_RAG_Distraction,2.7,2.5,4.5,0.2,1.8,-1.6,2.0
707,Q2_RAG_Distraction,2.7,2.5,4.5,0.2,1.8,-1.6,2.0
816,Q2_RAG_Distraction,2.7,2.5,4.5,0.2,1.8,-1.6,2.0
119,Q3_Joint_Failure,6.5,2.5,4.5,4.0,2.0,2.0,2.0
195,Q3_Joint_Failure,6.5,2.5,2.5,4.0,4.0,0.0,0.0
199,Q3_Joint_Failure,6.5,4.5,4.5,2.0,2.0,0.0,0.0
210,Q3_Joint_Failure,6.5,2.5,2.5,4.0,4.0,0.0,0.0
307,Q3_Joint_Failure,2.4,4.0,4.0,1.6,1.6,0.0,0.0
436,Q3_Joint_Failure,1.3,4.0,3.5,2.7,2.2,0.5,-0.5
440,Q3_Joint_Failure,1.3,2.5,2.5,1.2,1.2,0.0,0.0
460,Q3_Joint_Failure,1.3,2.5,3.5,1.2,2.2,-1.0,1.0
465,Q3_Joint_Failure,1.3,2.5,2.5,1.2,1.2,0.0,0.0
471,Q3_Joint_Failure,1.3,2.5,2.5,1.2,1.2,0.0,0.0
474,Q3_Joint_Failure,1.3,2.5,2.5,1.2,1.2,0.0,0.0
481,Q3_Joint_Failure,1.3,2.5,2.5,1.2,1.2,0.0,0.0
492,Q3_Joint_Failure,1.3,2.5,4.5,1.2,3.2,-2.0,2.0
494,Q3_Joint_Failure,1.3,2.5,2.5,1.2,1.2,0.0,0.0
498,Q3_Joint_Failure,1.3,4.5,4.5,3.2,3.2,0.0,0.0
505,Q3_Joint_Failure,1.3,4.5,4.5,3.2,3.2,0.0,0.0
542,Q3_Joint_Failure,1.3,2.5,2.5,1.2,1.2,0.0,0.0
550,Q3_Joint_Failure,1.3,2.5,2.5,1.2,1.2,0.0,0.0
554,Q3_Joint_Failure,1.3,2.5,2.5,1.2,1.2,0.0,0.0
559,Q3_Joint_Failure,1.3,2.5,2.5,1.2,1.2,0.0,0.0
620,Q3_Joint_Failure,2.7,4.0,4.5,1.3,1.8,-0.5,0.5
631,Q3_Joint_Failure,2.7,4.5,4.5,1.8,1.8,0.0,0.0
705,Q3_Joint_Failure,2.7,4.0,4.5,1.3,1.8,-0.5,0.5
731,Q3_Joint_Failure,2.7,4.0,4.5,1.3,1.8,-0.5,0.5
790,Q3_Joint_Failure,2.7,4.0,4.0,1.3,1.3,0.0,0.0
19,Q4_Baseline_Sufficiency,2.4,2.5,2.5,0.1,0.1,0.0,0.0
27,Q4_Baseline_Sufficiency,6.5,6.5,6.5,0.0,0.0,0.0,0.0
36,Q4_Baseline_Sufficiency,6.5,6.5,6.5,0.0,0.0,0.0,0.0
146,Q4_Baseline_Sufficiency,6.5,6.5,6.5,0.0,0.0,0.0,0.0
157,Q4_Baseline_Sufficiency,6.5,6.5,6.5,0.0,0.0,0.0,0.0
185,Q4_Baseline_Sufficiency,6.5,6.5,6.5,0.0,0.0,0.0,0.0
213,Q4_Baseline_Sufficiency,2.4,2.5,2.5,0.1,0.1,0.0,0.0
218,Q4_Baseline_Sufficiency,2.4,2.5,2.5,0.1,0.1,0.0,0.0
246,Q4_Baseline_Sufficiency,2.4,2.5,2.5,0.1,0.1,0.0,0.0
247,Q4_Baseline_Sufficiency,2.4,2.5,2.5,0.1,0.1,0.0,0.0
284,Q4_Baseline_Sufficiency,2.4,2.5,2.5,0.1,0.1,0.0,0.0
309,Q4_Baseline_Sufficiency,2.4,2.5,2.5,0.1,0.1,0.0,0.0
365,Q4_Baseline_Sufficiency,4.3,4.0,4.0,0.3,0.3,0.0,0.0
393,Q4_Baseline_Sufficiency,4.3,4.0,4.0,0.3,0.3,0.0,0.0
413,Q4_Baseline_Sufficiency,4.3,4.5,4.5,0.2,0.2,0.0,0.0
624,Q4_Baseline_Sufficiency,2.7,2.5,2.5,0.2,0.2,0.0,0.0
627,Q4_Baseline_Sufficiency,2.7,2.5,2.5,0.2,0.2,0.0,0.0
650,Q4_Baseline_Sufficiency,2.7,2.5,2.5,0.2,0.2,0.0,0.0
664,Q4_Baseline_Sufficiency,2.7,2.5,2.5,0.2,0.2,0.0,0.0
694,Q4_Baseline_Sufficiency,2.7,2.5,2.5,0.2,0.2,0.0,0.0
729,Q4_Baseline_Sufficiency,2.7,2.5,2.5,0.2,0.2,0.0,0.0
736,Q4_Baseline_Sufficiency,2.7,2.5,2.5,0.2,0.2,0.0,0.0
759,Q4_Baseline_Sufficiency,2.7,2.5,2.5,0.2,0.2,0.0,0.0
782,Q4_Baseline_Sufficiency,2.7,2.5,2.5,0.2,0.2,0.0,0.0
792,Q4_Baseline_Sufficiency,2.7,2.5,2.5,0.2,0.2,0.0,0.0
